"","SITE_ID","VISIT_NO","MMI_BENT","OE_SCORE"
"1","KSRS-1288",1,16.45,0.409185953
"2","AZR9-0903",1,11.4,0.279837816
"3","AZSS-1115",1,43.67,1.263744136
"4","KSR9-0910",1,22.4,0.939382504
"5","AZLS-1055",1,34.38,1.32908917
"6","KSRS-1270",1,24.28,0.725868123
"7","KSS9-0933",1,31.53,1.350914603
"8","AZR9-0903",2,11.4,0.279837816
"9","KYRM-1006",1,27.8,0.493663102
"10","KSR9-0902",1,19.3,0.860671853
"11","KYRM-1002",1,3.87,0.538082076
"12","GAS9-0921",1,10.3,0.600774125
"13","GAS9-0915",1,8.28,0.419024904
"14","PARM-1005",1,14.83,0.519596583
"15","OHRM-1002",1,6.07,0.30537884
"16","PARM-1001",1,17.93,0.427861145
"17","NJS9-0908",1,13.15,0.347799868
"18","CARM-1007",1,9.87,0.225447522
"19","AZR9-0902",1,29.02,0.735991287
"20","AZR9-0901",1,21.37,0.763844541
"21","CARM-1003",1,5.57,0.19523375
"22","NJRO-1019",1,0,0.308842648
"23","TXR9-0907",1,37.6,0.788006314
"24","GAS9-0916",1,63.47,0.93840983
"25","NES9-0934",1,0,0.350016091
"26","KSRS-1261",1,16.97,0.551612043
"27","KSRS-1277",1,40.15,0.955162647
"28","OKR9-0901",1,24.4,0.521339129
"29","PALS-1091",1,90.87,1.213144964
"30","NJLS-1043",1,11.75,0.685182851
"31","DELS-1036",1,32.67,1.054678067
"32","NES9-0923",1,31.65,0.482708595
"33","NES9-0930",1,0,0.454701286
"34","WVRF-0001",1,62.08,1.001752253
"35","OKS9-0935",1,31.32,0.796008191
"36","PAS9-0918",1,79.53,0.913427456
"37","MDS9-0914",1,19.75,1.023270872
"38","NJR9-0901",1,49.85,0.661073246
"39","TXS9-0926",1,18.03,0.637870198
"40","NJSS-1082",1,14.67,0.506655426
"41","NJRO-1020",1,8.28,0.211434138
"42","MNSS-1171",1,28.68,1.063484175
"43","PAS9-0923",1,22.53,0.859302279
"44","NJS9-0909",1,10.92,0.397556362
"45","NER9-0904",1,24.17,0.101868389
"46","AZRM-1002",1,44.73,0.253408979
"47","MDRM-1003",1,28.18,0.63810124
"48","NVRM-1001",1,18.55,0.673146736
"49","OKR9-0909",1,20.17,1.171862349
"50","OKS9-0931",1,16.57,0.653995693
"51","NELS-1074",1,19.45,0.978177993
"52","PALS-1090",1,74.75,1.230014179
"53","KSRS-1340",1,13.3,0.612716113
"54","NDSS-1103",1,15.65,0.63031576
"55","TXSS-1216",1,28.08,0.94297497
"56","TXS9-0928",1,31.85,1.119607026
"57","KSR9-0906",1,56.73,1.405491771
"58","WIRF-0011",1,29.4,0.716812963
"59","PAS9-0922",1,50.98,1.074700044
"60","MNS9-0933",1,26.78,1.040887761
"61","NJR9-0902",1,7.4,0.457850542
"62","OKRO-1089",1,4.03,0.381715899
"63","VTR9-0901",1,11.58,0.596597239
"64","WIRF-0006",1,31.02,0.647333734
"65","NDLS-1055",1,58.57,1.054192268
"66","COS9-0934",1,36.85,0.945336196
"67","CAR9-0902",1,30.9,0.630797325
"68","TXS9-0936",1,43.6,1.121429958
"69","MNS9-0934",1,13.28,0.485788783
"70","MNSS-1175",1,16.7,0.781778393
"71","COR9-0903",1,15.98,0.845234819
"72","COS9-0926",1,39.32,0.944996151
"73","COS9-0929",1,7.75,0.557819146
"74","VTRS-1007",1,79.12,1.058963241
"75","MDRO-1018",1,34.98,0.994825542
"76","MORF-0009",1,28.83,0.654192228
"77","GAS9-0922",1,31.98,0.840819464
"78","NDR9-0907",1,56.2,1.296363268
"79","OKR9-0901",2,13.52,0.130334782
"80","MNR9-0912",1,30.47,0.674747319
"81","MIRF-0004",1,56.08,0.890315273
"82","MDRO-1015",1,39.78,0.842427894
"83","KYS9-0919",1,15,0.466622719
"84","KSR9-0904",1,37.4,0.869612215
"85","OKR9-0905",1,28.15,0.703455461
"86","MORF-0004",1,25.68,1.039977628
"87","OHS9-0919",1,0,0.143295943
"88","ALSS-1063",1,20.03,0.770644633
"89","MIRF-0003",1,47.33,0.9677504
"90","OHS9-0914",1,19.6,0.678386607
"91","SDSS-1190",1,20,0.436446295
"92","NHR9-0903",1,7.22,0.667831206
"93","CTSS-1077",1,10.87,0.400696
"94","OHLS-1071",1,2.82,0.112520589
"95","COS9-0924",1,25.87,0.998519258
"96","GAS9-0919",1,62.97,1.098154027
"97","NDSS-1106",1,39.1,1.433829823
"98","UTRF-0004",1,70.1,1.097050622
"99","OHSS-1125",1,36.37,0.886133425
"100","OHRO-1031",1,8.32,0.587057334
"101","MIRF-0002",1,66.33,1.238664776
"102","MORF-0005",1,24.6,0.694175208
"103","MIS9-0923",1,20.1,1.109431044
"104","MISS-1136",1,22.92,1.119381186
"105","TXS9-0926",2,19.47,0.637870198
"106","MDRO-1014",1,22.95,0.837619642
"107","ALS9-0918",1,32.52,0.740671585
"108","ALSS-1064",1,28.65,0.936441757
"109","MNS9-0929",1,13.98,0.970358976
"110","NVS9-0921",1,36.6,0.546810489
"111","NVR9-0920",1,70.22,0.783825144
"112","OHS9-0922",1,34.05,0.854716276
"113","WASS-1140",1,9,0.129028801
"114","COS9-0925",1,54.15,0.534358796
"115","MIRF-0005",1,36,0.907467517
"116","WAS9-0919",1,14.37,0.496590617
"117","OHR9-0907",1,42.53,0.196470684
"118","OHRO-1035",1,19.02,0.842873468
"119","COS9-0922",1,45.67,0.979916372
"120","OHS9-0915",1,19.45,0.478432741
"121","OHRM-1001",1,44.53,0.969920014
"122","PAR9-0910",1,14.38,0.707658689
"123","NDS9-0938",1,35.48,1.026261762
"124","KSRS-1269",1,26.08,1.128110937
"125","VTRF-0002",1,69.05,0.890434794
"126","VTRS-1004",1,69.8,0.858329829
"127","ARS9-0946",1,14.23,0.504109111
"128","ALS9-0916",1,5.7,0.17996344
"129","OHRO-1036",1,17.77,0.79887206
"130","DESS-1085",1,21.72,0.520319155
"131","KSRF-0004",1,28.53,0.874949507
"132","MNSS-1169",1,23.78,0.598696507
"133","COS9-0920",1,33.18,0.889184808
"134","TXS9-0928",2,22.45,1.221389483
"135","OKR9-0913",1,17.73,0.243152003
"136","MTS9-0934",1,23,0.82861703
"137","UTRO-1035",1,2.58,0.664436837
"138","NVSS-1104",1,60.2,0.593132456
"139","KYS9-0924",1,18.08,0.437333931
"140","KSRS-1336",1,35.92,1.163468796
"141","ARRM-1004",1,22.3,0.521906988
"142","NDR9-0910",1,39.68,0.990840193
"143","WIRF-0008",1,60.75,1.143957928
"144","OKS9-0939",1,58.58,0.710599704
"145","SDS9-0938",1,52.07,1.099764459
"146","ALR9-0904",1,41,0.793601138
"147","KSRF-0002",1,55.3,1.293435017
"148","WALS-1070",1,52.65,0.699532216
"149","PARM-1002",1,44.15,0.991530915
"150","UTSS-1107",1,19.98,0.922181665
"151","OHSS-1124",1,13.8,0.72245485
"152","MTS9-0941",1,85.98,1.092611768
"153","NDSS-1105",1,16.78,0.552117993
"154","MDR9-0905",1,61.28,1.098586084
"155","TXR9-0903",1,48.27,1.23243988
"156","WIRF-0002",1,67.42,0.895855532
"157","ORR9-0912",1,9.13,0.398263408
"158","NVS9-0926",1,60.8,1.084677547
"159","OHS9-0920",1,11.95,0.482036933
"160","OKR9-0908",1,5.13,0.366756798
"161","OKR9-0911",1,41.65,1.310950791
"162","SDSS-1191",1,4.77,0.509395093
"163","KYSS-1080",1,26,0.651590218
"164","VTS9-0917",1,50.65,1.032954614
"165","VARF-0004",1,72.33,1.272648359
"166","MNS9-0932",1,15.72,0.834691367
"167","TXS9-0940",1,16.45,0.561141932
"168","MDRM-1004",1,40.92,0.72392227
"169","LAR9-0915",1,22.42,0.64485554
"170","COLS-1060",1,28.33,0.772327228
"171","MTLS-1140",1,60.35,1.429883644
"172","ALS9-0919",1,42.25,0.83304246
"173","COS9-0928",1,43.25,0.840027961
"174","KSRF-0003",1,35.75,1.167417444
"175","COLS-1064",1,51.52,1.109790024
"176","MIS9-0934",1,2.43,0.835213384
"177","UTR9-0904",1,7.48,0.455987614
"178","LALS-1038",1,16.57,0.563222008
"179","MIRF-0001",1,57.05,1.194653665
"180","NHS9-0912",1,22.23,0.62879911
"181","MNS9-0935",1,26.38,1.236503562
"182","ORS9-0932",1,65.25,1.183708719
"183","ARRO-1021",1,49.93,0.731200325
"184","NVLS-1046",1,35.22,0.666299255
"185","INSS-1089",1,32.5,0.838106348
"186","MIS9-0924",1,0,0.353338173
"187","WIRF-0003",1,33.85,0.728215302
"188","ALRM-1003",1,63.67,1.132245154
"189","COR9-0901",1,34.42,0.642183233
"190","OHRM-1005",1,9.95,0.30563268
"191","WALS-1072",1,44.02,0.897159669
"192","ALS9-0922",1,31.02,0.802071224
"193","MDS9-0914",2,22.77,1.227925047
"194","OHSS-1123",1,24.6,0.871822107
"195","NES9-0928",1,44.3,0.537437808
"196","OKR9-0902",1,29.28,0.819328871
"197","WAS9-0918",1,53.23,0.941823569
"198","LAS9-0944",1,21.88,0.59471314
"199","DESS-1081",1,34.68,1.108986984
"200","NES9-0934",2,18.12,0.933376242
"201","KSR9-0904",2,30.18,0.869612215
"202","ORR9-0910",1,41.98,1.222980139
"203","NDS9-0941",1,26.05,0.717486434
"204","ALRF-0003",1,74.02,1.010604514
"205","IDRM-1001",1,7.15,0.258554134
"206","IDR9-0903",1,44.88,0.839129415
"207","IDR9-0901",1,18.13,0.475728478
"208","OKR9-0906",1,11.77,0.369534152
"209","NVLS-1048",1,49.63,1.034601389
"210","NVRO-1020",1,34.22,0.854863035
"211","NJS9-0909",2,26.2,0.56793766
"212","IDRO-1034",1,53.57,1.14722713
"213","NDS9-0943",1,57.1,0.968213556
"214","NJR9-0901",2,44.65,0.793287895
"215","IDR9-0906",1,23.02,0.801908594
"216","OHS9-0915",2,19.87,0.372114354
"217","MIS9-0924",2,0.98,0.471117564
"218","OHS9-0923",1,0.55,0.195209359
"219","KSR9-0903",1,50.28,1.155619081
"220","KSRS-1316",1,44.7,0.526229907
"221","OKS9-0932",1,41.95,0.81071008
"222","WIS9-0931",1,7.72,0.41607831
"223","WISS-1162",1,28.92,0.653994451
"224","MIS9-0930",1,4.2,0.9247094
"225","LASS-1050",1,40.58,0.742561205
"226","NDS9-0940",1,67.12,0.632541624
"227","NJS9-0908",2,16.63,0.347799868
"228","OKRM-1002",1,10.17,0.262867487
"229","AZSS-1106",1,4.87,0.354340258
"230","NES9-0932",1,52.73,1.071144526
"231","NES9-0921",1,79.28,1.304623941
"232","MTR9-0913",1,36.37,0.931213988
"233","VTS9-0910",1,63.8,1.027296723
"234","OHS9-0914",2,25.52,0.678386607
"235","MNRM-1003",1,45.7,0.843786664
"236","TXR9-0915",1,31.38,0.495423199
"237","OKRM-1008",1,7.17,0.189266378
"238","ARR9-0904",1,33.87,0.811565004
"239","CAS9-0914",1,19.07,0.230880566
"240","KSR9-0901",1,54.67,0.555998305
"241","KYS9-0919",2,14.22,0.39996233
"242","SDSS-1188",1,17.2,0.762440328
"243","WYRF-0001",1,20.53,0.731946674
"244","COS9-0923",1,68.28,1.010490444
"245","AZS9-0929",1,27.15,1.289979698
"246","NDLS-1059",1,46.08,1.026300965
"247","NJRM-1001",1,6.6,0.216215391
"248","NVRO-1027",1,65.43,1.033970392
"249","NVR9-0910",1,41.65,0.474588512
"250","GAS9-0924",1,21.32,0.61806069
"251","NES9-0927",1,72.05,0.871464802
"252","NYLS-1125",1,65.67,1.03314861
"253","COS9-0932",1,50.73,1.049221496
"254","MILS-1059",1,22.72,1.22961785
"255","SDLS-1114",1,9.7,0.843536577
"256","TXRM-1011",1,36.52,0.660483985
"257","WIS9-0923",1,25.02,0.563920581
"258","IDR9-0910",1,10.08,0.521306267
"259","IDRO-1030",1,55.77,0.745036698
"260","WAR9-0901",1,71.42,1.017953544
"261","MTS9-0923",1,72.68,1.234162104
"262","CTS9-0917",1,39.68,0.557359729
"263","DES9-0912",1,16.73,0.613031348
"264","RISS-1083",1,59.43,1.017183243
"265","VTR9-0901",2,21.85,0.681825417
"266","ARLS-1047",1,48.78,1.041241301
"267","GAS9-0917",1,21.95,0.547652452
"268","ARSS-1090",1,38.48,0.900285017
"269","ARR9-0906",1,3.67,0.628573488
"270","MDLS-1041",1,35.15,0.972751236
"271","NJSS-1081",1,27.97,0.733425815
"272","MTR9-0909",1,68.15,1.046768308
"273","MTS9-0924",1,93.33,0.840498449
"274","NJR9-0902",2,9.65,0.457850542
"275","MNRM-1012",1,35.22,0.678839557
"276","COSS-1099",1,59.9,0.784157345
"277","NHSS-1070",1,20.25,0.662615564
"278","MNR9-0901",1,37.7,0.933404391
"279","ORLS-1104",1,77.32,1.289561455
"280","ORRM-1001",1,69.97,1.194036832
"281","MDLS-1038",1,13.15,1.055553659
"282","WYS9-0928",1,49.95,0.80787421
"283","NJSS-1087",1,40.75,1.131144884
"284","LARO-1019",1,25.1,0.512525657
"285","WYRF-0004",1,57.97,1.106877124
"286","NYRO-1052",1,28.8,0.622983876
"287","NJLS-1042",1,18.92,0.470416469
"288","WYS9-0924",1,10.03,0.598615843
"289","WYLS-1088",1,71.93,1.076963224
"290","NYS9-0936",1,76.55,1.212598245
"291","IDRM-1022",1,30.27,0.512745753
"292","NER9-0902",1,48.3,0.763392723
"293","IDRM-1019",1,20.35,0.637342708
"294","SDR9-0911",1,38.43,1.02647246
"295","CAS9-0915",1,41.62,0.835237756
"296","CAS9-0930",1,71.82,1.166783992
"297","MIS9-0929",1,34.4,0.852756058
"298","OKRO-1088",1,47.48,0.57897482
"299","KSR9-0905",1,63.93,0.52588812
"300","CARM-1010",1,30.35,0.425010626
"301","NJLS-1041",1,10.32,0.561108221
"302","CAS9-0916",1,56.98,0.941467129
"303","DER9-0903",1,21.85,0.763176834
"304","WYS9-0931",1,45.2,0.704446481
"305","NYRO-1049",1,34.67,0.561218983
"306","LARO-1020",1,40.5,0.615030788
"307","KSR9-0908",1,50.08,1.2702646
"308","MNR9-0907",1,36.12,0.42104582
"309","MNRM-1010",1,49.88,0.841958701
"310","NDS9-0938",2,37.75,1.128887939
"311","SDR9-0901",1,68.83,0.995620136
"312","OKRM-1006",1,4.65,0.725588442
"313","OHS9-0916",1,12.78,0.601682245
"314","NVR9-0905",1,45.02,0.478287594
"315","CARM-1011",1,35.82,0.430792176
"316","ORRM-1008",1,15.72,0.303957834
"317","TXS9-0937",1,32.85,1.22573358
"318","NHRO-1033",1,2.88,0.280862769
"319","IDR9-0908",1,64.32,1.112854361
"320","MISS-1133",1,35.97,1.073275802
"321","WIS9-0928",1,70.48,0.967255539
"322","OKS9-0938",1,47.68,0.893242455
"323","WAS9-0920",1,2.38,0.325675774
"324","NERM-1003",1,29.73,0.718407214
"325","CAS9-0921",1,80.07,1.155696137
"326","KSRS-1268",1,70.25,0.749236414
"327","MDR9-0905",2,66.35,1.171825156
"328","OKLS-1181",1,36.27,0.620681433
"329","TXR9-0903",2,21.17,0.896319913
"330","NVRO-1024",1,37.18,0.513291557
"331","UTR9-0901",1,57.13,0.775105653
"332","MTR9-0920",1,72.1,0.951339303
"333","ORR9-0903",1,65.7,1.316174958
"334","SDR9-0909",1,30.45,0.967543045
"335","OKS9-0936",1,36.82,0.741866132
"336","COS9-0938",1,34.48,1.152124901
"337","VTS9-0909",1,70.07,1.020246503
"338","PARF-0004",1,55.75,1.024138365
"339","DERO-1001",1,32.87,1.087860921
"340","CTS9-0921",1,54.72,0.863688534
"341","NYLS-1123",1,29.82,0.416230626
"342","KSS9-0932",1,5.95,0.542098951
"343","MTS9-0937",1,73.72,1.428357698
"344","NCRO-1016",1,31.38,0.964523205
"345","NYRO-1056",1,41.9,0.883079863
"346","NCS9-0920",1,16.67,0
"347","MNR9-0908",1,51.23,0.768934552
"348","MNRO-1052",1,15.62,0.735507782
"349","NHR9-0905",1,22.72,0.815602524
"350","CAR9-0912",1,33.4,0.318524773
"351","NVRM-1006",1,39.45,0.825358183
"352","ORR9-0911",1,21.65,0.612370017
"353","NDRO-1022",1,33.33,1.017886876
"354","NDRM-1001",1,36.27,0.797165505
"355","OHLS-1069",1,34.63,0.810562863
"356","WAS9-0921",1,49.65,1.23450557
"357","COS9-0937",1,42.43,1.114852526
"358","KSR9-0911",1,9.47,0.597655811
"359","NCRM-1002",1,1.75,0.438005392
"360","NYSS-1241",1,48.1,0.931906082
"361","OHLS-1074",1,42.68,0.863919442
"362","OHRO-1033",1,18.32,0.877949395
"363","COS9-0920",2,9.65,0.49399156
"364","COS9-0921",1,39.63,0.766189188
"365","NYLS-1124",1,78.88,1.076526842
"366","PAS9-0919",1,71.95,1.130767889
"367","WIS9-0927",1,43.23,0.899217359
"368","WYRF-0007",1,63.75,0.961269281
"369","OHSS-1122",1,12.38,0.35865461
"370","ARLS-1045",1,42.43,1.180071523
"371","KSR9-0912",1,27.05,1.225150133
"372","IASS-1090",1,39.27,0.805098989
"373","ILRF-0001",1,30.35,0.485781477
"374","INS9-0918",1,29.38,0.69917173
"375","NYRO-1051",1,16.6,0.575163215
"376","AZRM-1003",1,33.15,0.573375935
"377","IARF-0003",1,61.48,0.901780823
"378","CAR9-0904",1,30,0.269101705
"379","IASS-1088",1,48.78,0.731867136
"380","MIS9-0927",1,44.05,1.066088127
"381","SDRM-1007",1,29.07,0.549992668
"382","CAS9-0929",1,28.98,0.696587897
"383","WIS9-0929",1,27.87,0.647018387
"384","WAR9-0908",1,57.28,0.784610021
"385","OHSS-1127",1,49.45,0.760162777
"386","IAS9-0924",1,54.07,0.881122723
"387","MTS9-0932",1,59.45,1.246988104
"388","ARRO-1024",1,31.1,1.06026399
"389","MNRM-1002",1,53.98,0.79889938
"390","KSRF-0006",1,53.95,0.747504775
"391","ILLS-1071",1,44.4,0.931249077
"392","MNRM-1006",1,36.3,0.42477377
"393","LAS9-0948",1,45.17,0.764313326
"394","MOS9-0932",1,16.27,0.559845449
"395","NYR9-0906",1,30.25,0.416333175
"396","WYRF-0006",1,18.83,0.951903213
"397","INSS-1088",1,36.4,0.32497411
"398","SDRO-1072",1,25.52,1.119242557
"399","SDS9-0941",1,14.82,0.759896199
"400","IARO-1013",1,77.52,0.948002017
"401","NDRO-1024",1,39.8,0.8700789
"402","ORR9-0914",1,59.23,0.951885434
"403","ORS9-0939",1,27.82,0.467387808
"404","WISS-1164",1,19.25,0.218907773
"405","ILRF-0003",1,79,0.826408167
"406","OHRF-0002",1,47.43,0.682615752
"407","MOSS-1159",1,60.97,0.663982288
"408","TXSS-1210",1,37.43,1.195110569
"409","NCS9-0921",1,41.23,1.252979776
"410","NCRF-0002",1,45.47,0.921365341
"411","MTLS-1130",1,66.83,0.856734108
"412","KSRS-1303",1,32.97,1.033360025
"413","ALSS-1065",1,11.38,0.443305589
"414","SDRM-1011",1,80.12,0.598945633
"415","CAS9-0926",1,74.17,1.071856141
"416","OKS9-0934",1,35.98,1.040693546
"417","INRF-0001",1,79.25,1.07611316
"418","WARM-1001",1,67.05,1.43789629
"419","IARF-0004",1,74.43,1.187540613
"420","IAR9-0905",1,31.55,0.415233927
"421","NJSS-1078",1,32.47,0.940165001
"422","ILR9-0902",1,36.8,0.480490864
"423","CAS9-0920",1,35.55,0.801399655
"424","NYSS-1249",1,25.77,0.70025409
"425","IDR9-0905",1,11.3,0.528130211
"426","VTRF-0001",1,53.77,0.837823448
"427","INS9-0923",1,40.25,0.619206013
"428","IARF-0002",1,65.93,0.6478961
"429","OHS9-0921",1,81.77,0.78184804
"430","ORS9-0937",1,55.12,1.112479812
"431","NVS9-0921",2,31.75,0.455675407
"432","NVR9-0920",2,79.82,1.007775185
"433","NVS9-0926",2,49.07,0.584057141
"434","NCR9-0903",1,61.68,0.816144395
"435","MTRO-1070",1,68.55,1.208391609
"436","ARR9-0905",1,62.15,1.22812804
"437","ALRF-0001",1,59.87,0.950337324
"438","LAS9-0944",2,29.68,0.792950854
"439","LAR9-0915",2,33.78,0.73697776
"440","MOLS-1080",1,42.6,0.868369162
"441","IARF-0005",1,33.93,0.812310029
"442","MNR9-0913",1,26.38,0.806357795
"443","MNR9-0901",2,31.72,0.848549447
"444","TXS9-0933",1,46.68,1.174070738
"445","INRF-0002",1,61.32,0.596217178
"446","MTRO-1061",1,68.35,0.557967452
"447","OHRF-0001",1,39.98,0.691132315
"448","ALS9-0916",2,1.57,0.17996344
"449","IDRO-1033",1,42.48,0.792840225
"450","IDRM-1011",1,15.02,0.484552876
"451","IDRO-1025",1,51.25,1.014196603
"452","ALS9-0923",1,21.83,0.407097751
"453","NYS9-0925",1,81.62,1.072986719
"454","NDLS-1057",1,31.27,1.049217848
"455","NDSS-1108",1,34.12,1.002104606
"456","NDSS-1111",1,50.78,0.909563203
"457","ILLS-1074",1,55.15,0.949732157
"458","MORF-0010",1,56.83,0.808001353
"459","ILRO-1027",1,23.47,0.678225363
"460","NHR9-0902",1,34.53,0.392746984
"461","NYS9-0937",1,49.72,1.009348358
"462","IAS9-0931",1,33.53,0.637488497
"463","IDRO-1041",1,41.92,0.936554831
"464","RISS-1084",1,56.3,0.767161323
"465","ALRO-1021",1,11.85,0.422456045
"466","IALS-1051",1,29.72,0.528107007
"467","INLS-1044",1,49.72,1.096872897
"468","COSS-1097",1,12.55,0.592176011
"469","DES9-0912",2,18.78,0.561945403
"470","ILSS-1128",1,14.78,0.736113952
"471","NYLS-1119",1,79.78,1.258771325
"472","MDR9-0902",1,71.22,1.119482174
"473","MORO-1055",1,38.98,1.002684863
"474","MORF-0002",1,50.03,1.058965861
"475","MTRM-1003",1,50.7,0.94604507
"476","WIRF-0012",1,45,0.936453823
"477","WAR9-0901",2,78.95,0.916158189
"478","NER9-0905",1,62.78,0.97707908
"479","GAS9-0914",1,30.35,0.860681518
"480","IAS9-0920",1,71.82,1.239593291
"481","OHRO-1032",1,0,0.150280777
"482","MIS9-0928",1,11.68,0.899783109
"483","OKS9-0933",1,4.8,0.215268256
"484","KSR9-0901",2,38.38,0.111199661
"485","SDRO-1067",1,37.02,1.213901833
"486","OKR9-0912",1,32.93,0.649818538
"487","WIRF-0013",1,69.37,0.579420681
"488","ALRM-1001",1,35.55,0.425799505
"489","NHRM-1003",1,14.43,0.428862012
"490","CAS9-0914",2,21.38,0.153920378
"491","TXR9-0916",1,45.52,0.742870916
"492","MNR9-0904",1,56.53,1.002674397
"493","NDS9-0943",2,33.3,1.398530692
"494","NES9-0925",1,38.5,1.029041125
"495","MTR9-0912",1,41.8,0.87593385
"496","ILSS-1125",1,24.47,0.753998383
"497","KSRS-1280",1,71.82,1.083866994
"498","WYR9-0913",1,41.05,0.44253659
"499","IAS9-0918",1,42.48,0.820274919
"500","INS9-0920",1,14.35,0.543500612
"501","LAS9-0950",1,26.5,0.37925422
"502","LASS-1051",1,16.62,1.013166663
"503","MILS-1057",1,61.68,1.315792497
"504","NYS9-0926",1,80.15,1.124623796
"505","OHR9-0904",1,66.07,1.125589831
"506","SDLS-1113",1,32.53,1.202672977
"507","OHS9-0918",1,39.7,0.990887579
"508","NVR9-0910",2,9.77,0.379670809
"509","ARS9-0944",1,32.13,0.671127873
"510","MTR9-0905",1,56.93,1.038202743
"511","WASS-1133",1,56.73,0.978632678
"512","WYR9-0904",1,24.1,0.864059645
"513","CTS9-0921",2,44.77,0.863688534
"514","ILS9-0920",1,13.47,0.751224103
"515","TXLS-1119",1,39.18,0.990410417
"516","KSRS-1312",1,36.23,0.865629374
"517","OHR9-0908",1,13.9,0.702124518
"518","MISS-1135",1,50.9,1.135917458
"519","NERO-1039",1,21.12,0.839816797
"520","MNR9-0905",1,41.92,0.958563591
"521","MNR9-0911",1,35.52,1.014904907
"522","OHRM-1004",1,65.33,0.972723237
"523","NYSS-1245",1,60.47,0.876706862
"524","NHS9-0912",2,14.45,0.571635555
"525","MIS9-0936",1,28.45,1.13555019
"526","WYS9-0934",1,23.3,1.036887262
"527","MORF-0011",1,29.82,0.69115568
"528","LAS9-0946",1,30.57,0.717729733
"529","OHLS-1070",1,42.5,0.794190437
"530","ALRM-1002",1,23.52,0.33669133
"531","MORF-0012",1,72.12,1.097538553
"532","ALRF-0004",1,48.32,0.49443401
"533","CAS9-0925",1,7.15,0.112035689
"534","CAS9-0928",1,64,0.877413143
"535","ILS9-0921",1,32.27,0.702867258
"536","KYRO-1031",1,13,0.483634585
"537","MTRM-1009",1,23.6,0.583762264
"538","NYLS-1122",1,49.2,1.09695291
"539","WILS-1089",1,37.53,0.516147153
"540","WYRF-0002",1,44.08,1.046774058
"541","WIS9-0935",1,36.62,0.805320121
"542","NVRM-1007",1,55.4,1.210111499
"543","MTR9-0916",1,21.55,0.306836344
"544","NYS9-0924",1,15.08,0.519246206
"545","NDR9-0905",1,54.92,0.952551918
"546","NCSS-1083",1,10.93,0.420882398
"547","VTRS-1012",1,57.35,1.190209353
"548","VTS9-0911",1,64,1.106459878
"549","RILS-1022",1,44.07,0.762404733
"550","KSRS-1258",1,39.82,0.870162348
"551","OKRO-1087",1,20.58,0.67539101
"552","UTS9-0930",1,8.95,0.394940062
"553","WYR9-0907",1,17.6,0.958959225
"554","NYS9-0923",1,2.8,0.389575008
"555","KYRO-1029",1,27.15,0.404087973
"556","MIS9-0933",1,49.88,1.184755905
"557","ALR9-0901",1,18.7,0.495229541
"558","PAR9-0902",1,54.97,0.954436746
"559","MTR9-0908",1,25.28,0.419433095
"560","NDRO-1020",1,53.55,1.220662323
"561","GAS9-0925",1,6.95,0.391083332
"562","NHRO-1031",1,36.67,0.430381118
"563","INRO-1027",1,79,0.923715837
"564","UTRF-0003",1,64.52,1.057404394
"565","MOS9-0939",1,40.95,0.99129923
"566","ILLS-1067",1,43.95,0.760269956
"567","KYLS-1055",1,33.73,0.40675056
"568","VTRS-1008",1,78.33,0.935124852
"569","OKR9-0907",1,41.87,1.245475107
"570","TXS9-0929",1,24.82,0.655705099
"571","OKLS-1176",1,68.63,1.4419436
"572","NYS9-0932",1,1.03,0.281554368
"573","CORF-0001",1,38.8,1.090385593
"574","KSRS-1306",1,33.48,0.832790712
"575","MISS-1132",1,24.93,0.556100364
"576","WYS9-0930",1,32.48,1.048344887
"577","MNS9-0927",1,32.27,1.101592393
"578","MNLS-1105",1,49.32,0.895211619
"579","NHR9-0904",1,20.32,0.440364484
"580","CTS9-0916",1,60.68,0.968667682
"581","VTRF-0003",1,58.53,1.165361191
"582","UTS9-0927",1,6.63,0.35999973
"583","MTLS-1131",1,17.05,0.58172319
"584","ILLS-1069",1,35.4,0.859028742
"585","IDR9-0901",2,24.35,0.594660598
"586","NERF-0005",1,40.35,0.505490416
"587","NES9-0926",1,41.7,0.583303909
"588","TXRO-1080",1,54.7,1.311433732
"589","INS9-0918",2,31.97,0.466114487
"590","NYS9-0934",1,36.3,0.693900182
"591","MOLS-1088",1,21.87,0.823966246
"592","OHRF-0003",1,79.18,0.875208778
"593","NJSS-1077",1,77.53,0.979450719
"594","WYRO-1032",1,52.27,0.997160693
"595","IDRO-1039",1,54.58,0.843981875
"596","MNR9-0914",1,42.72,0.827073068
"597","MNRO-1055",1,54.73,0.832837164
"598","NVLS-1067",1,54.08,0.887627358
"599","SDS9-0942",1,77.13,1.094851423
"600","ILSS-1130",1,21.62,0.496022439
"601","KYR9-0905",1,8.1,0.496749479
"602","MOS9-0937",1,41.88,0.872095805
"603","MTS9-0928",1,52.07,1.121757008
"604","PARM-1004",1,37.4,0.731499611
"605","PARM-1008",1,72.77,1.101224798
"606","MNRF-0008",1,58.95,0.847230711
"607","WYRO-1036",1,29.85,0.763152575
"608","KYS9-0925",1,9.67,0.237833461
"609","KYRF-0002",1,60.77,1.006024917
"610","IDRO-1031",1,56.78,0.748917107
"611","UTLS-1058",1,28.4,0.426480476
"612","TXR9-0914",1,50.38,1.159684434
"613","NYLS-1121",1,49.45,1.043601758
"614","NCR9-0905",1,16.62,0.966771238
"615","NCLS-1038",1,43.28,1.120621006
"616","KYS9-0920",1,17.63,0.469727018
"617","WYS9-0935",1,39.65,0.808929965
"618","IDRM-1023",1,53.05,0.905649674
"619","IDRO-1029",1,51.38,0.511119323
"620","NELS-1073",1,40.28,0.294790203
"621","NCRF-0004",1,5.88,0.607829173
"622","ORLS-1093",1,67.3,1.198234577
"623","NYR9-0910",1,15.18,0.437840043
"624","KYRF-0001",1,53.27,0.662820302
"625","OKS9-0937",1,39.75,1.019927331
"626","ARR9-0908",1,32.67,0.86046761
"627","OKRO-1086",1,52.18,0.911090589
"628","IDRO-1036",1,48.27,0.4486984
"629","DER9-0903",2,19.48,1.09025262
"630","CAS9-0918",1,71.23,1.224753144
"631","KYSS-1077",1,3.87,0.108843197
"632","NYS9-0931",1,47.37,0.931164682
"633","NCR9-0901",1,1.97,0.156297331
"634","ILR9-0902",2,30.88,0.480490864
"635","ARLS-1046",1,64.97,1.325618406
"636","TXS9-0934",1,39.72,1.157829964
"637","OKRM-1004",1,50.28,0.906385141
"638","OKLS-1182",1,13.12,0.423140798
"639","MNR9-0918",1,49.92,0.473031707
"640","MNRM-1011",1,29.9,0.415983113
"641","MILS-1058",1,54.65,1.09973605
"642","SDS9-0939",1,23.4,0.683707785
"643","VTRS-1002",1,73.33,0.912922243
"644","DERO-1005",1,14.38,0.761691627
"645","ORLS-1097",1,66.05,1.185280484
"646","NYRO-1058",1,18.02,0.582731338
"647","WIS9-0927",2,33.9,0.770757736
"648","WILS-1090",1,52.85,0.575249114
"649","KYS9-0923",1,7.67,0.397628433
"650","MISS-1134",1,28.12,0.814597745
"651","ARS9-0944",2,49.32,0.8202674
"652","NES9-0921",2,70.27,1.087186618
"653","VARF-0005",1,54.88,0.712198468
"654","MTRO-1062",1,98.3,1.046342553
"655","TXRM-1010",1,31.45,1.175261284
"656","MNLS-1094",1,3.97,0.434355535
"657","NYSS-1238",1,18.8,0.384078524
"658","VTRS-1003",1,60.85,1.228372059
"659","WASS-1145",1,72.72,1.341944279
"660","ILRF-0002",1,61.3,0.676842063
"661","KYLS-1054",1,4.53,0.283447885
"662","CAS9-0927",1,68.78,0.864245147
"663","CAS9-0916",2,71.9,0.88608671
"664","MNR9-0910",1,33,1.130935229
"665","ORS9-0932",2,63.22,1.114078795
"666","NHSS-1068",1,50.1,1.028280402
"667","KYLS-1053",1,21.43,0.611481722
"668","NYRO-1057",1,62.52,1.04584751
"669","KYSS-1078",1,35.85,0.221799114
"670","DESS-1090",1,33.83,1.063186795
"671","NYSS-1237",1,35.08,0.741155831
"672","PARM-1006",1,69.47,1.040425533
"673","KYS9-0926",1,11.98,0.336926843
"674","OHR9-0905",1,0,0.155087223
"675","MTS9-0923",2,68.88,1.157026972
"676","MILS-1060",1,64.12,1.375770234
"677","OKS9-0932",2,34.88,0.926525806
"678","KSS9-0938",1,18.77,0.753418587
"679","IAS9-0918",2,26.42,0.410137459
"680","SDS9-0937",1,45.17,0.88806684
"681","MIS9-0937",1,46.77,1.291647521
"682","OHR9-0902",1,27.52,0.538037651
"683","NYLS-1118",1,63.05,1.013626846
"684","MORF-0007",1,46.48,0.664613656
"685","MTS9-0944",1,64.12,1.273379567
"686","MNLS-1097",1,23.38,0.832650435
"687","MNS9-0927",2,34.07,1.514689541
"688","KSRS-1338",1,34.53,0.814290062
"689","OKRM-1001",1,49.3,1.032898511
"690","ORS9-0933",1,79.63,1.173327557
"691","SDSS-1186",1,15.15,0.477684655
"692","TXRO-1074",1,65.18,0.843212082
"693","WILS-1087",1,22,0.755631378
"694","WIS9-0924",1,2.28,0.151865097
"695","NHSS-1067",1,58.52,0.863895441
"696","MORF-0003",1,53.98,0.999457716
"697","DES9-0908",1,42,1.274385232
"698","NYR9-0915",1,10.37,0.232816075
"699","WYS9-0932",1,47.83,0.640988491
"700","WYRO-1038",1,43.7,0.711666006
"701","WAS9-0915",1,34.93,0.907445307
"702","PAR9-0903",1,29.57,0.728827087
"703","OKRF-0001",1,34.23,0.873184571
"704","MIS9-0932",1,27.5,0.676518723
"705","OHR9-0903",1,36.92,0.919061361
"706","IDRM-1013",1,60.67,1.064586675
"707","ORSS-1168",1,62.1,1.008910332
"708","KSS9-0936",1,29.47,1.400142614
"709","MTS9-0946",1,93.67,1.475933729
"710","WILS-1088",1,71.92,0.962667269
"711","TXLS-1123",1,48.28,1.171722192
"712","SDR9-0904",1,24,0.832228478
"713","CTS9-0916",2,59.48,0.922540649
"714","ARS9-0949",1,34.63,0.976187198
"715","ARS9-0950",1,7.95,0.281620437
"716","MORF-0008",1,58.62,1.483233145
"717","MTSS-1292",1,78.77,1.562832508
"718","PARO-1050",1,58.18,1.102832045
"719","IDR9-0913",1,66.03,0.889881679
"720","NYS9-0927",1,26.25,0.604110204
"721","ORSS-1173",1,73.98,0.899703333
"722","MISS-1137",1,51.8,1.239689807
"723","KYR9-0905",2,9.52,0.33116632
"724","CAS9-0919",1,56.37,0.75004356
"725","CAS9-0924",1,82.7,0.947680771
"726","WISS-1166",1,27.47,0.146498375
"727","MNR9-0903",1,44.95,0.865630047
"728","NYSS-1253",1,38.75,0.62357747
"729","WAS9-0925",1,26.95,0.817328336
"730","KYS9-0925",2,10.57,0.713500384
"731","MTSS-1265",1,34.23,0.891948344
"732","UTR9-0901",2,42.75,0.553646895
"733","UTRM-1009",1,49.43,0.706280141
"734","NCSS-1081",1,36.2,0.821741101
"735","KYS9-0921",1,23.62,1.177197516
"736","NYS9-0923",2,0,0.194787504
"737","WYSS-1197",1,5,0.0787
"738","NYS9-0924",2,18.92,0.623095447
"739","WYS9-0927",1,53.25,1.198106483
"740","WYLS-1091",1,70.25,1.158204149
"741","PAS9-0917",1,19.73,0.368278859
"742","ORR9-0912",2,6.23,0.318610726
"743","PARO-1052",1,15.02,0.315718211
"744","KSRS-1301",1,20.88,0.981506578
"745","KYRO-1032",1,31.08,0.108737396
"746","WIS9-0926",1,44.22,0.390906359
"747","IDRO-1050",1,43.8,1.104058544
"748","CAR9-0903",1,34.4,0.708903551
"749","PAR9-0905",1,34.02,0.985837726
"750","VAR9-0911",1,55.42,0.928099738
"751","WYLS-1087",1,37.32,1.119869892
"752","WYLS-1094",1,45.1,0.856768793
"753","ARR9-0909",1,47.82,0.851295366
"754","MTS9-0931",1,54.22,1.132121822
"755","TXR9-0917",1,23.13,0.674138233
"756","PAR9-0908",1,53.72,1.202348625
"757","CAS9-0917",1,71.42,0.839751828
"758","SDR9-0907",1,39.9,0.779844645
"759","IDR9-0904",1,49.4,1.048370212
"760","IDRM-1009",1,38.72,0.832673177
"761","IDRM-1021",1,50.85,1.046649102
"762","IDRM-1024",1,27.12,0.518382229
"763","IDRM-1002",1,41.33,0.843018124
"764","PAR9-0902",2,25.85,0.513927479
"765","NHR9-0902",2,33.05,0.706944571
"766","KSRS-1317",1,52.97,1.343499749
"767","KSRS-1313",1,34.87,0.94856992
"768","GAS9-0914",2,41.45,0.645511139
"769","GAS9-0925",2,28.27,0.703949998
"770","KYR9-0907",1,68.98,1.289172643
"771","MNRO-1051",1,45.75,1.139547932
"772","MIS9-0935",1,12.37,1.111335216
"773","CTSS-1079",1,46.25,0.832021435
"774","ARLS-1048",1,43.63,0.722696389
"775","TXR9-0910",1,42.25,1.187607276
"776","VAR9-0906",1,45.27,0.973805143
"777","WIS9-0933",1,16.37,0.477245904
"778","MTLS-1133",1,64.12,1.288123929
"779","WYSS-1201",1,29.3,1.113169595
"780","SDRM-1001",1,47.58,0.888515741
"781","DERO-1002",1,21.73,0.981353226
"782","ARRO-1022",1,2.03,0.431907454
"783","MTSS-1262",1,70.53,1.299359109
"784","WASS-1136",1,69.47,1.204580851
"785","MIS9-0925",1,41.78,1.062626469
"786","KYLS-1056",1,36.63,0.855622907
"787","TXR9-0909",1,37.55,0.92417416
"788","PAR9-0911",1,21.02,0.612700933
"789","ORR9-0902",1,30.7,0.870963482
"790","MNRM-1007",1,63.33,0.971804198
"791","ARS9-0945",1,26.83,0.800457354
"792","ARRM-1003",1,42.83,1.052700244
"793","MNLS-1091",1,16.82,1.188012776
"794","NYSS-1251",1,44.98,0.663626132
"795","NYR9-0902",1,70.03,1.18747269
"796","NYSS-1252",1,39.57,0.582341854
"797","VARS11-131",1,62.8,0.813715432
"798","NYR9-0909",1,47.7,0.672301819
"799","ORRO-1060",1,4.77,0.305262354
"800","PALS-1087",1,49.95,1.044835274
"801","KSRS-1343",1,41.67,0.862315233
"802","KSRS-1278",1,27.67,1.078670386
"803","CTSS-1080",1,52.25,0.814177018
"804","MTSS-1260",1,46.48,0.923491121
"805","GALS-1055",1,39.83,0.578055411
"806","VAR9-0903",1,70.67,1.161001001
"807","NYRO-1050",1,50.98,1.069091339
"808","TXLS-1118",1,7.25,0.769364268
"809","LARF-0002",1,38.2,1.058728052
"810","WIS9-0924",2,5,0.151865097
"811","WARF-0105",1,51.53,0.919061635
"812","OHR9-0902",2,34.38,0.691762694
"813","WAS9-0923",1,69.57,1.208436254
"814","NHLS-1044",1,72.53,1.137634669
"815","PALS-1086",1,45.87,0.865892808
"816","NYR9-0908",1,29.98,0.635951829
"817","GALS-1051",1,70.02,0.562200031
"818","VARS11-113",1,50.17,1.177528551
"819","IDS9-0922",1,31.98,0.627480405
"820","TXRM-1004",1,58.52,1.151852816
"821","WARF-0104",1,58.48,0.977238993
"822","ARR9-0901",1,36.58,0.454137491
"823","WIS9-0934",1,23.9,0.647414327
"824","ARRM-1005",1,32.8,0.34113078
"825","ARRM-1001",1,25.48,0.113534373
"826","IDLS-1063",1,30.57,0.961489267
"827","NYS9-0930",1,1.03,0.209540021
"828","NYS9-0935",1,62.8,0.976867487
"829","NYR9-0901",1,33.43,0.337504613
"830","ILRO-1025",1,26.47,0.753031848
"831","NYRM-1005",1,53.47,0.936666785
"832","NYRO-1055",1,8.15,0.220159948
"833","IDRO-1047",1,22.68,0.805386991
"834","IDR9-0911",1,24.15,0.595611401
"835","NYR9-0903",1,8.33,0.418997294
"836","KSS9-0938",2,30.93,0.753418587
"837","NYR9-0911",1,38.82,0.79414288
"838","UTS9-0927",2,41.08,0.59999955
"839","VARS11-112",1,43.48,1.031410655
"840","KYRM-1007",1,32.18,0.74295703
"841","NJSS-1085",1,61.4,0.980464248
"842","UTRM-1002",1,25.63,0.389154683
"843","WALS-1069",1,72.8,1.092707244
"844","NCRF-0001",1,49.55,0.915921612
"845","TXRO-1081",1,32.13,1.311667505
"846","VAR9-0904",1,30.48,0.609686094
"847","WIS9-0925",1,28.27,0.56355734
"848","COR9-0908",1,59.77,1.122767133
"849","SDS9-0942",2,26.02,0.895787528
"850","KSR9-0907",1,32.3,0.95625755
"851","NYS9-0933",1,42.37,0.635992225
"852","NYLS-1120",1,21.88,0.744509251
"853","WARF-0103",1,30.02,0.618024335
"854","PARF-0002",1,50.82,1.108697058
"855","RILS-1026",1,44.98,0.31836023
"856","NYR9-0912",1,0.17,0.209131729
"857","NYRO-1053",1,5.6,0.352531395
"858","MTRM-1008",1,17.15,0.300829293
"859","NHLS-1045",1,71.95,1.191180901
"860","KSRS-1348",1,31.98,1.048395646
"861","MOS9-0930",1,14.82,0.765789865
"862","MOS9-0937",2,19.68,0.784886225
"863","NCSS-1086",1,74.37,1.12956902
"864","PARO-1053",1,58.58,1.148089293
"865","SDR9-0902",1,30.33,1.210344631
"866","TXR9-0918",1,60.88,0.99488407
"867","UTRM-1001",1,43.53,0.519146441
"868","KYRM-1003",1,22.95,0.738269941
"869","MTRM-1004",1,46.73,0.747519068
"870","NYRM-1003",1,22.43,0.405173097
"871","MILS-1056",1,47.97,0.947186982
"872","KYLS-1062",1,44.77,1.194780782
"873","PASS-1163",1,59.43,0.783376808
"874","WARO-1040",1,41.78,1.111258864
"875","NYSS-1236",1,45.47,0.675848509
"876","WARF-0106",1,46.9,0.950130977
"877","VAR9-0902",1,46.87,0.831555456
"878","WIS9-0930",1,27.93,0.521949605
"879","MTR9-0901",1,60.67,0.84767959
"880","TXRM-1002",1,37.67,0.831555451
"881","UTR9-0905",1,24.13,0.478042777
"882","OHLS-1073",1,8.18,0.259397175
"883","WARF-0102",1,77.23,1.244673377
"884","NYLS-1117",1,44.13,0.922238887
"885","NYR9-0904",1,24.23,0
"886","WARF-0101",1,60.73,0.930389398
"887","MORO-1045",1,33.57,1.36100444
"888","NYR9-0913",1,38.55,0.473210226
"889","VAR9-0911",2,47.88,1.005441383
"890","ORRF-0106",1,54.95,0.984437276
"891","MIS9-0938",1,30.95,1.04476684
"892","OKR9-0902",2,29.1,1.001401954
"893","ARR9-0902",1,21.63,0.756023633
"894","KSRS-1255",1,47.35,1.306231886
"895","WIS9-0936",1,41.98,0.87976526
"896","IDRO-1049",1,2.92,0.31997361
"897","NYR9-0902",2,46.63,0.964821561
"898","GASS-1079",1,36.17,0.840099183
"899","TXRF-0009",1,33.33,1.151678986
"900","VAR9-0906",2,52.78,1.217256429
"901","OKSS-1405",1,48.95,1.031969795
"902","MORO-1044",1,52.43,0.740605453
"903","ALR9-0901",2,27.22,0.495229541
"904","CAR9-0909",1,30.03,0.417766277
"905","KSRS-1324",1,27.87,1.132071249
"906","SDSS-1194",1,3.07,1.142462015
"907","RISS-1080",1,43.83,0.743974695
"908","NYRM-1001",1,13.4,0.369581647
"909","GASS-1081",1,51.95,0.811324535
"910","ORRF-0104",1,43.6,0.956738391
"911","VARS11-111",1,32.5,0.350361386
"912","WAS9-0915",2,50.17,0.837641822
"913","TXS9-0931",1,23.38,0.902476905
"914","ARRM-1002",1,25.78,0.324056645
"915","COR9-0905",1,38.73,0.599296072
"916","ALRF-0002",1,30.87,0.779523915
"917","ARR9-0903",1,16.63,0.361233681
"918","MOR9-0911",1,36.83,0.579016803
"919","WILS-1093",1,61.13,0.816323205
"920","MTRM-1007",1,55.95,1.118159427
"921","IDR9-0908",2,49.08,0.890283489
"922","NYR9-0901",2,54.63,1.012513838
"923","TXRF-0004",1,53.8,0.949222855
"924","WARO-1044",1,52.42,1.120288848
"925","ARR9-0901",2,12.97,0.454137491
"926","ORRF-0105",1,44.53,0.607041562
"927","TXRM-1006",1,22.92,0.659787816
"928","NYRO-1054",1,31.13,0.712656123
"929","WIS9-0932",1,39.08,1.058159794
"930","ORLS-1096",1,60.45,1.313289322
"931","ORRO-1058",1,25.32,0.400377075
"932","MOR9-0909",1,39.58,0.854360146
"933","ALS9-0920",1,34.52,0.996521332
"934","NCRF-0003",1,81,1.300233152
"935","ALSS-1066",1,62.13,0.883216174
"936","NCR9-0909",1,43.58,0.938972039
"937","NCR9-0908",1,12.2,0.886470034
"938","COLS-1065",1,64.03,0.834313672
"939","ORRF-0101",1,28.3,0.718124418
"940","CORM-1003",1,48.9,0.963520082
"941","ORRF-0102",1,52.88,1.247115359
"942","ALS9-0921",1,39.27,0.89149109
"943","RISS-1081",1,55.45,0.900097445
"944","NYSS-1242",1,71.65,1.157657634
"945","NYSS-1255",1,27.2,0.721373273
"946","WISS-1168",1,55.97,0.559790264
"947","KSRS-1330",1,68.48,1.392177811
"948","COS9-0931",1,60.63,0.962792997
"949","COSS-1109",1,23.7,0.870433379
"950","ARS9-0945",2,27.87,0.800457354
"951","MOLS-1085",1,19.63,1.07204446
"952","NYRM-1007",1,21.93,0.355179879
"953","MOR9-0910",1,44.62,0.813769416
"954","MTR9-0901",2,45.52,0.84767959
"955","CORM-1002",1,46.15,1.206992359
"956","ARSS-1091",1,2.93,0.540850553
"957","OHLS-1068",1,12.65,0.238108192
"958","ORR9-0908",1,40.63,1.124503385
"959","VAR9-0905",1,74.2,1.2364434
"960","KSS9-0934",1,38.63,1.14087941
"961","RISS-1082",1,50.7,0.900461645
"962","COR9-0908",2,52.67,1.01049042
"963","VARS11-139",1,61.35,1.122324502
"964","AZRM-1004",1,36.62,0.367184026
"965","NYS9-0929",1,44.82,0.483055391
"966","PAR9-0906",1,57.35,1.01121817
"967","WISS-1165",1,20.7,0.205689714
"968","MOS9-0932",2,24.8,0.933075749
"969","NHRF-0003",1,76.02,0.964109464
"970","CAR9-0903",2,57.42,1.063355327
"971","COLS-1068",1,43.88,0.942348591
"972","MTRO-1064",1,73.85,1.163905421
"973","NYLS-1115",1,6.8,0.368100885
"974","TXRF-0005",1,49.17,1.480021497
"975","ORR9-0904",1,40.67,0.949194171
"976","PARM-1007",1,51.65,0.739187687
"977","VARS11-129",1,51.57,1.259481074
"978","ARR9-0907",1,11.2,0.634053502
"979","ARRO-1023",1,14.43,0.692622865
"980","WARO-1041",1,39.65,0.730060086
"981","NCRF-0005",1,45.45,0.942479729
"982","WILS-1092",1,53.97,0.860114812
"983","NCR9-0907",2,13.73,0.762238732
"984","MASS-1073",1,22.05,0.511558961
"985","UTR9-0903",1,14.23,0.61184469
"986","ARR9-0902",2,17.65,0.324010128
"987","GASS-1082",1,39.03,0.939045073
"988","GASS-1077",1,20.6,0.5956446
"989","MARO-1020",1,13.1,0.449621524
"990","MARO-1021",1,15.62,0.2948367
"991","MAS9-0916",1,37.83,0.332412586
"992","AZR9-0913",1,22.78,0.305646634
"993","AZRM-1001",1,23.6,0.71425409
"994","AZLS-1054",1,46.62,0.617781359
"995","AZR9-0904",1,51.78,1.239928709
"996","AZRO-1031",1,57.95,1.429548204
"997","FLS9-0917",1,25.37,0.785092673
"998","FLS9-0921",1,26.3,1.051087227
"999","NMSS-1081",1,33.68,0.913821052
"1000","TXSS-1209",1,23.88,1.09928737
"1001","FLR9-0902",1,21.75,0.766171751
"1002","AZSS-1111",1,21.63,0.861971366
"1003","FLSS-1069",1,26.13,0.973272626
"1004","NMR9-0906",1,5.57,0
"1005","TXR9-0905",1,33.7,0.795582332
"1006","FLR9-0901",1,43.38,1.005134785
"1007","NMS9-0926",1,24.98,0.476633728
"1008","FLSS-1068",1,80.75,0.756189627
"1009","GARO-1038",1,46.38,1.12068704
"1010","ALS9-0917",1,39.55,0.678333491
"1011","NMRM-1002",1,64.18,1.056116199
"1012","NMS9-0920",1,53.58,0.845163905
"1013","AZLS-1048",1,35.48,0.836653893
"1014","AZLS-1063",1,37.22,0.560615575
"1015","AZSS-1121",1,8.18,0.983408177
"1016","FLR9-0903",1,30.52,1.147976311
"1017","TXR9-0923",1,6.42,0.509154182
"1018","TXSS-1205",1,7.87,0.556999662
"1019","MSS9-0913",1,9.42,0.344791749
"1020","NMR9-0903",1,27.68,1.378474699
"1021","NMLS-1045",1,23.82,0.445434623
"1022","FLRF-0001",1,82.82,1.243440748
"1023","FLLS-1049",1,30.65,0.710578353
"1024","FLS9-0919",1,47.97,1.000899601
"1025","FLS9-0922",1,48.32,1.32284512
"1026","FLS9-0923",1,33.6,0.765288741
"1027","MSLS-1038",1,34.37,0.0777
"1028","NMSS-1085",1,35.23,0.828986601
"1029","MSR9-0901",1,44.87,0.924162715
"1030","TXRO-1079",1,17.7,0.900971763
"1031","MSLS-1040",1,60.45,1.197390796
"1032","NMR9-0901",1,36.8,0.826029339
"1033","FLRO-1024",1,39.35,0.99796644
"1034","TXRF-0001",1,68.47,0.850311765
"1035","TXRF-0003",1,49.52,0.826738371
"1036","FLS9-0918",1,47.72,1.073071978
"1037","FLS9-0915",1,37.52,1.007915532
"1038","KSRF-0005",1,12.8,0.677128803
"1039","TXRF-0007",1,16.67,0.143348621
"1040","ALR9-0905",1,88.73,1.298460548
"1041","KSRS-1260",1,42,1.434449195
"1042","MSS9-0916",1,56.35,0.985797824
"1043","NMRF-0009",1,26.07,1.013888534
"1044","NMRO-1028",1,28.62,0.796426716
"1045","UTS9-0929",1,43.02,0.615283018
"1046","NMS9-0925",1,32.85,1.326885478
"1047","ALLS-1039",1,40.22,0.875924284
"1048","MSS9-0915",1,33.45,0.622823566
"1049","UTRM-1008",1,43.58,1.226103384
"1050","TXRF-0002",1,39.57,1.169229584
"1051","FLRO-1025",1,62.13,1.242557028
"1052","CALS-1089",1,33.93,0.44264421
"1053","GARO-1032",1,24.78,0.816712502
"1054","MSLS-1039",1,49.3,1.120370702
"1055","NMLS-1047",1,17.8,0.231339805
"1056","NMRF-0001",1,25.15,1.193188299
"1057","UTS9-0931",1,15.12,0.639514907
"1058","NMRF-0002",1,24.62,1.237867914
"1059","MSSS-1082",1,19.33,0.790212151
"1060","TXRF-0008",1,13.42,0.934195401
"1061","FLLS-1047",1,59.45,0.778406899
"1062","NMRM-1001",1,49.6,1.014852274
"1063","FLS9-0921",2,33.27,1.146640611
"1064","ALLS-1042",1,59.78,1.129392238
"1065","ALR9-0902",1,51.72,0.786935891
"1066","NMR9-0904",1,43.03,1.003297383
"1067","NVR9-0902",1,14.5,0.410545981
"1068","FLSS-1076",1,26.95,0.841812223
"1069","FLR9-0902",2,18.27,0.86194322
"1070","CASS-1215",1,50.72,0.904136137
"1071","NMRO-1030",1,19.55,0.742880532
"1072","AZR9-0913",2,20.63,0.509411057
"1073","NMLS-1044",1,50.43,1.150563693
"1074","TXRM-1015",1,2.38,0.452739126
"1075","GARF-0003",1,78.67,1.085557822
"1076","GARM-1002",1,22.2,0.690763157
"1077","CASS-1278",1,76,1.169213041
"1078","CASS-1339",1,27.57,0.356072644
"1079","FLRM-1001",1,36.4,0.862236025
"1080","NMR9-0902",1,39.7,1.158417527
"1081","NMRM-1005",1,39,1.033084009
"1082","TXRO-1082",1,28.03,1.144328471
"1083","NMS9-0926",2,28.67,0.635511637
"1084","GARF-0001",1,79.15,1.387394148
"1085","SCSS-1058",1,30,0.567749422
"1086","GALS-1052",1,56.57,1.020721108
"1087","GARF-0002",1,30.23,0.923624274
"1088","FLR9-0901",2,13.7,0.703594349
"1089","SCRF-0002",1,40.58,1.288140073
"1090","UTR9-0906",1,46.3,0.389840394
"1091","OKRM-1021",1,9.77,0.129827899
"1092","MIR9-0907",1,46.88,1.230372453
"1093","KYR9-0906",1,17.6,0.404816733
"1094","OHRO-1034",1,63.27,1.283826612
"1095","NDSS-1131",1,41.28,1.296345492
"1096","IAS9-0919",1,11.28,0.881975945
"1097","INS9-0925",1,25.63,0.684529663
"1098","SCSS-1054",1,13.03,0.645101945
"1099","UTR9-0907",1,25.12,0.909682809
"1100","CASS-1226",1,28.65,0.948669432
"1101","SDS9-0944",1,27.35,1.227220884
"1102","WVRM-1001",1,60.85,0.964104126
"1103","MORO-1049",1,43.73,1.012599425
"1104","AZLS-1054",2,21.13,0.514817799
"1105","OKSS-1444",1,24.95,1.287303535
"1106","TXRM-1017",1,2.63,0.281112853
"1107","MOR9-0905",1,36.22,0.820055468
"1108","SCS9-0920",1,44.45,1.342089856
"1109","SDR9-0919",1,30.67,1.010717102
"1110","AZSS-1116",1,63.3,0.620107028
"1111","LAS9-0945",1,30.58,1.009711894
"1112","LAR9-0904",1,9.47,0.695295837
"1113","CASS-1181",1,54.55,1.101990086
"1114","CARO-1043",1,14.23,0.313531656
"1115","MNRM-1004",1,25.87,0.883179126
"1116","MORO-1048",1,60.28,1.036789313
"1117","NDSS-1115",1,34.52,0.923173985
"1118","WVS9-0924",1,53.68,1.210908282
"1119","NDR9-0921",1,18.23,0.883491375
"1120","SCR9-0901",1,30.23,1.198650941
"1121","SCR9-0902",1,59.58,0.939869057
"1122","TXRM-1001",1,20.9,0.370572576
"1123","TXR9-0902",1,49.02,0.740053565
"1124","MSR9-0902",1,30.22,0.684226178
"1125","FLSS-1107",1,20.78,0.720226913
"1126","CORO-1032",1,8.47,0.322562169
"1127","PASS-1165",1,43.33,0.927289321
"1128","CARO-1047",1,28.73,0.349354633
"1129","NDR9-0918",1,22.3,0.576641194
"1130","ORRF-0113",1,73.62,0.900659935
"1131","ORRF-0115",1,77.63,1.060510712
"1132","MOS9-0940",1,26.02,0.655763864
"1133","MSRF-0002",1,50,1.041586296
"1134","OKRF-0101",1,11.8,0.415242065
"1135","VTR9-0902",1,72.93,1.145659271
"1136","WVSS-1042",1,52.32,0.985511358
"1137","IARO-1018",1,23.42,0.963414353
"1138","CORO-1035",1,7.35,0.479188653
"1139","NDSS-1112",1,31.83,1.108527172
"1140","UTRF-0001",1,27.65,0.924654804
"1141","PASS-1164",1,78.03,0.964557317
"1142","SDR9-0913",1,12.65,0.192437398
"1143","CARO-1040",1,18.35,0.450257045
"1144","FLLS-1063",1,38.68,0.369858707
"1145","NCRO-1015",1,53.38,1.205819217
"1146","SCRO-1015",1,51.08,1.422845794
"1147","KSRS-1314",1,25.57,0.83816475
"1148","MOR9-0908",1,59.9,1.108316065
"1149","VTRS-1011",1,17.63,0.668026365
"1150","IASS-1091",1,20.6,1.172194212
"1151","NHS9-0913",1,67.9,0.958951448
"1152","SDSS-1195",1,13.52,0.671479334
"1153","MTR9-0918",1,67.93,1.169072302
"1154","WVRF-0004",1,76.87,0.761334578
"1155","OKRF-0004",1,31.47,0.934821037
"1156","CALS-1098",1,56.4,1.020799853
"1157","PASS-1167",1,43.55,1.071747771
"1158","FLS9-0929",1,72.38,1.067146756
"1159","LARM-1003",1,17.82,0.381745321
"1160","MNLS-1096",1,33.22,0.773352883
"1161","NMS9-0924",1,39.18,0.855343181
"1162","VTR9-0904",1,61.72,1.206981552
"1163","NER9-0913",1,10.68,0.255030216
"1164","NES9-0931",1,9.48,0.241533637
"1165","WVR9-0904",1,53.68,0.586246121
"1166","WVS9-0925",1,38.93,0.855936594
"1167","IAS9-0927",1,22.12,1.244065202
"1168","NER9-0908",1,49.77,1.020127614
"1169","IASS-1092",1,10.2,0.511175672
"1170","NMR9-0902",2,39.48,0.643565293
"1171","CARM-1014",1,35.6,1.084888166
"1172","NHS9-0911",1,17.9,0.229265833
"1173","SDLS-1110",1,79.45,1.501157556
"1174","UTSS-1100",1,27.32,1.0266176
"1175","UTRF-0002",1,38.18,1.004621275
"1176","ALLS-1041",1,33.18,0.687393939
"1177","MNRM-1008",1,45.67,0.948996715
"1178","PASS-1166",1,4.43,0.381843305
"1179","IAS9-0922",1,24.67,0.825307841
"1180","MOLS-1082",1,49.45,0.805206989
"1181","NVS9-0924",1,48.73,1.028621918
"1182","OKRF-0003",1,24.95,0.35717937
"1183","NMRM-1007",1,48.07,1.236241582
"1184","UTLS-1059",1,33.33,0.133317944
"1185","NDRF-0001",1,57.97,0.693807769
"1186","SCR9-0903",1,41.47,0.568966288
"1187","SCRF-0001",1,49.05,0.97674547
"1188","SCS9-0922",1,28.57,1.005555353
"1189","SDRM-1005",1,38.12,0.243573846
"1190","ALR9-0902",2,53.07,0.786935891
"1191","ALS9-0917",2,23.23,0.602963103
"1192","ORRF-0108",1,72.63,1.174972929
"1193","ORRF-0110",1,61.37,0.825123842
"1194","ORRF-0119",1,62.35,1.085099921
"1195","WYR9-0902",1,25,0.138430129
"1196","MDS9-0918",1,38.75,1.003890723
"1197","RISS-1079",1,12,0.662069175
"1198","NDLS-1067",1,19.62,0.603718621
"1199","SDRF-0002",1,45.17,1.247313479
"1200","OKLS-1204",1,24.25,1.016648899
"1201","OKLS-1209",1,24.85,0.789803034
"1202","SCRM-1001",1,40.6,0.677375247
"1203","SCRO-1013",1,0,0.382336096
"1204","UTSS-1110",1,29.77,0.519808582
"1205","MDSS-1090",1,19.28,0.605740448
"1206","IASS-1093",1,15.6,0.932783098
"1207","COSS-1095",1,7.45,0.721657834
"1208","AZLS-1048",2,32.73,0.976096209
"1209","MTR9-0919",1,42.33,0.958703025
"1210","TXR9-0911",1,36.4,0.216729444
"1211","CAR9-0910",1,20.28,0.286553339
"1212","MSSS-1081",1,10.95,0.586939343
"1213","GAR9-0901",1,68.15,0.940097943
"1214","LAR9-0902",1,35.18,0.954189084
"1215","NDLS-1072",1,12.63,0.544938365
"1216","ORRM-1003",1,66.68,1.074375169
"1217","SDRF-0003",1,64.68,0.932851882
"1218","CASS-1248",1,58.77,0.980948187
"1219","LASS-1049",1,34.45,1.279226374
"1220","MNR9-0916",1,64.52,1.164687605
"1221","MNRF-0002",1,24.43,0.981560635
"1222","SCLS-1031",1,19.18,0.445489257
"1223","NDR9-0908",1,40.77,0.709600613
"1224","VTRS-1009",1,61.68,0.985520044
"1225","VTRS-1061",1,68.28,0.787382961
"1226","WVSS-1043",1,39.55,0.752509258
"1227","NHRF-0001",1,58.53,0.934145616
"1228","MDSS-1081",1,38.02,1.065095821
"1229","NDSS-1133",1,33.03,1.266164151
"1230","SDSS-1201",1,21.62,0.836142551
"1231","WVRF-0005",1,84.7,1.051024314
"1232","COSS-1111",1,15.32,0.494378892
"1233","NDRF-0002",1,49.18,0.431895639
"1234","TXLS-1117",1,24.32,0.930266325
"1235","WARM-1005",1,21.72,0.531737188
"1236","WVSS-1045",1,38.33,0.926424193
"1237","WVSS-1047",1,12.22,0.189785791
"1238","AZLS-1072",1,54.67,1.08137036
"1239","COSS-1114",1,49.67,1.242763017
"1240","IAS9-0919",2,23.27,0.783978618
"1241","NDR9-0909",1,42.2,0.968416245
"1242","SCR9-0904",1,15.33,0.16690777
"1243","VTRS-1005",1,79.58,0.99506967
"1244","SDRF-0004",1,44.83,1.307790161
"1245","WARM-1002",1,8.73,0.318768761
"1246","WVS9-0926",1,0,0.337492769
"1247","GAR9-0906",1,69.22,1.322185999
"1248","SCS9-0921",1,12.75,0.488183964
"1249","ILS9-0922",1,7.98,0.499622803
"1250","CARO-1042",1,25.63,0.382043583
"1251","NDRM-1002",1,46.45,0.664463734
"1252","NVLS-1069",1,36.25,0.912865521
"1253","NVR9-0917",1,46.92,0.646930105
"1254","WYRO-1034",1,55.63,1.060745465
"1255","CALS-1115",1,79.27,0.852184752
"1256","CAS9-0923",1,49.18,1.094406991
"1257","TXRO-1078",1,38.93,0.777448579
"1258","ORRM-1006",1,40.85,0.953804602
"1259","MSR9-0905",1,34.08,0.850667283
"1260","IALS-1055",1,4.77,0.736321146
"1261","LARM-1002",1,0,0.114519854
"1262","NHRF-0002",1,66.5,0.757010572
"1263","CORM-1004",1,72.67,1.151857984
"1264","MSS9-0917",1,50.75,0.60616799
"1265","CARM-1006",1,10.83,0.189620645
"1266","MNRF-0005",1,41.38,1.463459531
"1267","NDR9-0921",2,16.33,0.883491375
"1268","ORRF-0107",1,69.23,1.189089204
"1269","ALRO-1020",1,44.3,0.65266229
"1270","CARO-1050",1,34.27,0.279532447
"1271","FLRM-1002",1,24.4,1.011392813
"1272","MTS9-0927",1,32,0.97266691
"1273","MTSS-1289",1,50.05,1.037691033
"1274","NDR9-0918",2,0.07,0.576641194
"1275","OKSS-1431",1,38.63,0.546220518
"1276","ORRF-0116",1,68.33,0.963998165
"1277","PARO-1049",1,54.67,1.038056267
"1278","ORRF-0118",1,69.7,0.98378784
"1279","NDLS-1065",1,38.2,1.2576155
"1280","NES9-0922",1,69.48,0.463761285
"1281","GARO-1034",1,54.88,1.222937438
"1282","MNRF-0004",1,64.68,0.961288548
"1283","MOR9-0912",1,49.63,0.675245553
"1284","MTS9-0948",1,22.27,0.940709889
"1285","PARM-1003",1,66.6,1.114568657
"1286","SDR9-0913",2,4.07,0.384874795
"1287","SDS9-0944",2,27.55,1.124952477
"1288","TXR9-0902",2,55.53,0.555040174
"1289","VTRS-1006",1,20.8,0.417653114
"1290","WARM-1004",1,19.88,0.481172454
"1291","NHRM-1004",1,59.17,0.956440769
"1292","MNRF-0001",1,30.65,1.022570588
"1293","CARO-1051",1,22.83,0.473823405
"1294","PAS9-0924",1,50.88,0.970438981
"1295","ORRF-0109",1,63.65,0.918527856
"1296","ILLS-1068",1,19.98,1.081715052
"1297","ILS9-0919",1,36.4,1.339622139
"1298","MSRF-0003",1,62.93,0.993027146
"1299","MTR9-0907",1,24.38,0.706772595
"1300","MTRO-1069",1,26.07,0.530411296
"1301","ILRO-1022",1,24.97,0.826268626
"1302","MORM-1007",1,41.08,0.337453749
"1303","MTSS-1291",1,41.02,1.441323897
"1304","IALS-1052",1,57.25,1.013480029
"1305","SDSS-1196",1,12.95,0.991620386
"1306","FLS9-0929",2,66.18,1.23132318
"1307","MSR9-0903",1,17.58,0.55207331
"1308","SDSS-1203",1,33.02,0.70654444
"1309","CALS-1087",1,23.35,0.260556309
"1310","CALS-1108",1,13.83,0.418227865
"1311","MTRM-1005",1,38.55,0.554010281
"1312","NDR9-0906",1,25.27,0.717209503
"1313","WVS9-0924",2,66.42,1.255756737
"1314","WVSS-1041",1,33.48,1.039648199
"1315","WVLS-1019",1,62.17,1.146985945
"1316","TXRM-1021",1,32.6,0.930076354
"1317","MNRF-0009",1,29.6,0.991668904
"1318","MNSS-1174",1,40.4,1.399090718
"1319","NERO-1043",1,31.72,0.834886603
"1320","NVRO-1041",1,45.9,1.028453094
"1321","WARM-1008",1,3.38,0.36406318
"1322","COR9-0907",1,58.4,0.776020143
"1323","CORM-1007",1,57.32,0.78951822
"1324","MNRF-0003",1,34.57,1.240728377
"1325","TXR9-0924",1,59.87,0.997857879
"1326","ALLS-1037",1,66.73,1.309404583
"1327","ALR9-0903",1,69.68,1.179001392
"1328","MNRF-0010",1,72.75,1.196751273
"1329","ORR9-0907",1,55.93,0.718605202
"1330","MNRF-0006",1,46.63,1.325529956
"1331","OKRO-1092",1,44.27,0.880263838
"1332","ORR9-0901",1,58.35,1.102662106
"1333","IDRO-1052",1,37.97,0.946567736
"1334","VTRS-1013",1,78.2,0.929829242
"1335","MNRF-0007",1,50.4,1.008031503
"1336","OKRF-0002",1,28.63,1.127267933
"1337","IDS9-0924",1,55.2,0.651373294
"1338","ILSS-1118",1,15.25,0.532927584
"1339","LAS9-0947",1,21.97,0
"1340","PAR9-0901",1,47.6,1.044658212
"1341","NHR9-0901",1,NA,NA
"1342","NVLS-1072",1,42.93,1.263431385
"1343","WAR9-0909",1,31.05,0.794899461
"1344","WARF-0108",1,82.9,1.308111498
"1345","WARF-0109",1,55.08,0.873538443
"1346","DESS-1092",1,32.27,0.828942787
"1347","INRM-1003",1,4.73,0.428100675
"1348","NESS-1134",1,3.03,0.331088426
"1349","WIRF-0001",1,66.42,1.031915865
"1350","LAS9-0945",2,32.7,1.110683084
"1351","WARF-0110",1,50.13,0.811384063
"1352","WAS9-0916",1,9.47,0.268128416
"1353","MSS9-0919",1,63.33,1.153698518
"1354","NYRF-0006",1,6.37,0.667537646
"1355","ORR9-0906",1,27.88,0.626030996
"1356","MER9-0905",1,24.03,0.29961003
"1357","IAS9-0921",1,30.38,1.124769536
"1358","NYR9-0914",1,50.03,1.054042438
"1359","TXSS-1229",1,13.48,0.148319203
"1360","CORF-0003",1,52.6,1.127082953
"1361","MIRM-1001",1,36.92,0.891592824
"1362","MSS9-0917",2,54.63,1.039145126
"1363","OKS9-0941",1,28.68,0.948343105
"1364","WVLS-1020",1,55.17,0.680365096
"1365","NHRM-1002",1,NA,NA
"1366","ILS9-0924",1,18.28,0.73759704
"1367","WIRF-0010",1,57.27,1.210692185
"1368","INRM-1005",1,55.68,1.369121927
"1369","NYRF-0004",1,62.55,1.133876297
"1370","NYRM-1006",1,69.45,1.14722082
"1371","CALS-1102",1,47.45,0.588327319
"1372","CORF-0005",1,54.25,0.612514465
"1373","MNSS-1168",1,41.5,1.557124894
"1374","MOLS-1086",1,27.92,0.766627238
"1375","MSR9-0908",1,54.93,1.239675554
"1376","NDLS-1068",1,48.8,0.908559764
"1377","NESS-1128",1,48.9,0.879462041
"1378","OKSS-1429",1,37.2,0.140915139
"1379","ORRM-1010",1,0,0.35989504
"1380","PAR9-0909",1,19.07,0.629141504
"1381","LAR9-0905",1,27.38,0.861788785
"1382","MTR9-0921",1,69.03,0.713813663
"1383","MTS9-0930",1,73.18,1.124038244
"1384","SDRO-1070",1,33.33,0.778815695
"1385","IAS9-0932",1,33.32,1.379153974
"1386","WARM-1003",1,43.58,1.066004103
"1387","MIR9-0909",1,42,1.044326637
"1388","NYRF-0003",1,31.92,0.796131801
"1389","RIS9-0911",1,12.32,0.294370749
"1390","NDLS-1070",1,67.55,0.814121816
"1391","WIRF-0009",1,25.9,0.667663546
"1392","CORF-0002",1,60.87,0.910610836
"1393","ILSS-1117",1,1.97,0.222760633
"1394","MNS9-0931",1,50.12,1.421745879
"1395","MOSS-1166",1,25.33,0.449152973
"1396","NER9-0911",1,34.32,1.187263929
"1397","ORSS-1175",1,60.92,1.13066169
"1398","TXR9-0906",1,40.62,0.352089801
"1399","MER9-0901",1,17.33,0.352157635
"1400","MTS9-0933",1,60.98,0.69524132
"1401","OKSS-1430",1,34.77,0.63282643
"1402","PAS9-0915",1,26.65,0.878883189
"1403","SDRO-1074",1,11.2,0.393992338
"1404","MTRM-1001",1,63.13,0.634119143
"1405","NYRM-1002",1,57.75,0.934623866
"1406","DELS-1038",1,36.9,1.024362318
"1407","WAR9-0904",1,69.88,1.05788711
"1408","NDLS-1073",1,18.17,0.990925672
"1409","TXLS-1120",1,22.42,0.626775098
"1410","CORF-0004",1,53.68,0.844013817
"1411","CALS-1099",1,81.48,1.078947327
"1412","ILS9-0926",1,34.33,1.07267858
"1413","MNRO-1050",1,65.93,0.706212125
"1414","MSR9-0903",2,32.8,0.55207331
"1415","IDRF-0101",1,63.8,1.156456964
"1416","IDR9-0902",1,55.43,1.221507063
"1417","IDRM-1003",1,57.8,1.275417108
"1418","MSR9-0906",1,72.58,1.247881899
"1419","CASS-1271",1,36.48,1.036963571
"1420","KSR9-0915",1,58.18,1.279980695
"1421","WARF-0107",1,54.03,1.003889493
"1422","IDRM-1005",1,58.43,1.05439467
"1423","PAS9-0914",1,36.78,0.73485157
"1424","SCR9-0902",2,59.38,0.845882151
"1425","SCS9-0920",2,43.02,1.342089856
"1426","SCR9-0901",2,26.75,1.198650941
"1427","NYRF-0001",1,52.18,1.029522816
"1428","UTS9-0928",1,47.7,1.109589728
"1429","NER9-0912",1,57.47,0.613985508
"1430","NERO-1042",1,16.4,0.723708517
"1431","ILS9-0919",2,18.75,0.956872956
"1432","NHRM-1005",1,NA,NA
"1433","CORO-1034",1,59.33,1.067532599
"1434","MSRF-0001",1,62.18,0.760780372
"1435","MTLS-1139",1,33.87,0.600187232
"1436","COR9-0904",1,33.58,0.390388811
"1437","MELS-1049",1,84.32,1.193719732
"1438","MELS-1053",1,72.95,0.948909517
"1439","NYLS-1116",1,39.83,0.58499324
"1440","SCRO-1014",1,49.03,0.881316575
"1441","COLS-1061",1,55.12,1.154506406
"1442","COS9-0930",1,5.02,0.71381859
"1443","NYRF-0005",1,7.23,0.389629716
"1444","NYRO-1060",1,12.27,0.485729287
"1445","MOLS-1079",1,40.48,1.06105478
"1446","MOR9-0904",1,46.07,1.015774949
"1447","OKLS-1203",1,28.48,1.29728664
"1448","ORS9-0940",1,85.98,1.063491043
"1449","SCLS-1033",1,42.37,0.742273616
"1450","ALR9-0906",1,42.43,0.904561332
"1451","MERO-1027",1,34.17,1.196019854
"1452","IDRF-0103",1,45.6,0.825170953
"1453","IDRF-0104",1,51.82,1.026083478
"1454","IDRF-0105",1,35.03,1.013621055
"1455","MTR9-0902",1,17.73,0.246570861
"1456","NYSS-1258",1,64.63,1.21352925
"1457","IDRO-1040",1,59.22,0.830557539
"1458","INR9-0901",1,40.08,0.505309775
"1459","TXSS-1232",1,21.37,0.270853705
"1460","NDLS-1079",1,50.13,1.100183045
"1461","UTR9-0906",2,63.63,0.64973399
"1462","ILRO-1024",1,38.9,0.515579595
"1463","CALS-1106",1,66.87,1.136430796
"1464","MERO-1026",1,78.67,1.33905017
"1465","MTSS-1294",1,42.45,1.224957873
"1466","NELS-1079",1,25.65,0.896576594
"1467","WAR9-0905",1,66.58,1.142809069
"1468","WVS9-0923",1,62.82,1.055658153
"1469","NYSS-1239",1,7.2,0.10563687
"1470","SDR9-0905",1,42.97,1.035841357
"1471","SCRM-1002",1,25.45,0.399018096
"1472","SCSS-1057",1,35.9,0.623186408
"1473","INR9-0902",1,35.15,0.538651761
"1474","NELS-1082",1,9.1,0.776028136
"1475","GARM-1001",1,69.47,1.350528931
"1476","MTR9-0911",1,28.58,0.507328267
"1477","ORS9-0931",1,69.1,1.159426561
"1478","ORS9-0936",1,85.97,1.398609023
"1479","SDLS-1118",1,60.8,1.18071025
"1480","TXSS-1224",1,50.28,1.497520128
"1481","WYRM-1004",1,37.58,0.983392517
"1482","ILRO-1019",1,18.83,1.357459905
"1483","LARF-0001",1,65,1.072593647
"1484","MES9-0910",1,64.75,1.02539253
"1485","PAR9-0901",2,47.15,0.970039769
"1486","MSS9-0914",1,55.27,0.966899106
"1487","UTS9-0932",1,32.38,0.840094059
"1488","NYRF-0002",1,69.05,0.864659694
"1489","DES9-0905",1,43.22,0.845683736
"1490","MTLS-1145",1,60.58,0.957473343
"1491","GAR9-0911",1,36.22,0.534297157
"1492","INRO-1026",1,21.95,0.776511008
"1493","ILSS-1120",1,14.47,1.384561663
"1494","NVLS-1074",1,43.33,0.783402287
"1495","NDLS-1064",1,49.57,0.899157373
"1496","MDLS-1039",1,18.65,0.559983502
"1497","MER9-0902",1,78.02,1.059375831
"1498","MSLS-1037",1,64.75,0.962322911
"1499","WIR9-0914",1,20.97,0.599614348
"1500","WIRM-1004",1,19.22,0.599614348
"1501","WYR9-0908",1,70.17,1.282137926
"1502","WYS9-0937",1,42.13,1.299093129
"1503","WVR9-0904",2,36.38,0.732807651
"1504","WVRO-1007",1,68.68,1.044382618
"1505","MTLS-1142",1,89.83,0.839314831
"1506","SCS9-0923",1,8.32,0.417049607
"1507","WAR9-0907",1,38.47,1.016756235
"1508","NYR9-0905",1,23.07,0.46845825
"1509","ILSS-1124",1,18.53,1.101506434
"1510","WYLS-1102",1,68.43,1.299901421
"1511","WYLS-1097",1,81.37,1.431018925
"1512","MOLS-1084",1,16.55,0.430562444
"1513","MORO-1046",1,53.42,0.687329713
"1514","NHS9-0911",2,33.62,0.515848125
"1515","SDLS-1119",1,31.52,1.154036025
"1516","SDR9-0903",1,73.75,0.752399307
"1517","CTLS-1044",1,74.5,1.172161754
"1518","WYS9-0938",1,47.28,1.111571476
"1519","NHRM-1001",1,42.87,0.781301926
"1520","MTRF-0109",1,35.67,0.930009582
"1521","TNLS-1034",1,21.1,1.05281989
"1522","TNS9-0920",1,27.4,1.058810588
"1523","TNSS-1065",1,21.53,0.503096755
"1524","AZRO-1028",1,23.38,0.514142865
"1525","IDSS-1115",1,64.82,1.233055748
"1526","IDSS-1143",1,7.15,0.555297994
"1527","IDLS-1064",1,81.23,0.896754227
"1528","IDSS-1129",1,44.88,1.101633363
"1529","IDS9-0927",1,68.98,1.141095678
"1530","IDS9-0923",1,61.05,1.184604341
"1531","CTRO-1020",1,42.87,0.681302555
"1532","WYRO-1042",1,39.82,0.336772477
"1533","WIRM-1003",1,31.72,0.956730475
"1534","TNS9-0926",1,19.93,0.266458826
"1535","TNSS-1064",1,6.77,0.767098107
"1536","SCSS-1072",1,33.32,0.734244431
"1537","SCSS-1059",1,57,0.885575363
"1538","DER9-0902",1,36.92,0.727031854
"1539","MTR9-0914",1,57.42,0.989038751
"1540","INRM-1004",1,48.63,1.068646144
"1541","NJRM-1003",1,49.02,0.77297234
"1542","WYS9-0926",1,14.88,1.090540193
"1543","ILR9-0909",1,27.27,0.727835427
"1544","TXLS-1131",1,36.58,1.108610733
"1545","WIRM-1005",1,37.42,0.593894999
"1546","CAR9-0908",1,21.87,0.563782587
"1547","MIR9-0906",1,53.88,1.047274264
"1548","TNS9-0923",1,39.18,0.615996721
"1549","TNSS-1072",1,19.05,0.140408642
"1550","CASS-1297",1,64.68,0.913786503
"1551","MTLS-1136",1,62.07,1.235785314
"1552","MTRM-1006",1,76,1.00912062
"1553","MTR9-0910",1,87.95,1.135260697
"1554","OKS9-0941",2,12.12,0.853508795
"1555","RILS-1023",1,48.23,0.375906646
"1556","RIS9-0912",1,49.12,0.527328512
"1557","NER9-0914",1,4.05,0.108360037
"1558","NERO-1037",1,21.2,0.716180458
"1559","WYR9-0914",1,51.63,0.829738166
"1560","IDLS-1068",1,47.18,0.812847517
"1561","INR9-0903",1,32.28,0.97106934
"1562","MNS9-0939",1,46.93,1.33315908
"1563","MIRO-1021",1,67.53,0.91778493
"1564","WYR9-0911",1,40.4,0.959014628
"1565","WYRM-1003",1,24.28,0.714784395
"1566","WVR9-0901",1,49.58,0.694085475
"1567","GAR9-0901",2,62.57,1.222127325
"1568","ILS9-0928",1,32.57,1.192947775
"1569","WIRM-1001",1,26.98,0.355807758
"1570","CAR9-0901",1,22.15,0.607713275
"1571","CARM-1004",1,18.52,0.487241184
"1572","MTS9-0940",1,80.15,1.3530654
"1573","SCS9-0921",2,37.15,0.767146229
"1574","SDRO-1077",1,79.18,1.237033295
"1575","UTRO-1036",1,46.55,0.995546533
"1576","TXLS-1115",1,55.23,1.353712726
"1577","WYS9-0933",1,57.58,1.062012329
"1578","WYSS-1212",1,3.4,0.336759981
"1579","MOS9-0934",1,7.15,0.718271891
"1580","MOSS-1165",1,25.35,0.910243975
"1581","CTLS-1045",1,23.3,0.587065733
"1582","DER9-0901",1,18.48,0.606352079
"1583","MTRF-0008",1,88.52,0.887260238
"1584","TNR9-0903",1,18.25,0.463519156
"1585","TNRM-1003",1,3.33,0.463121906
"1586","WVRF-0006",1,24.22,0.439340721
"1587","GARM-1004",1,58.67,0.944537781
"1588","NERM-1001",1,52.6,0.556842673
"1589","NERM-1005",1,49.63,0.479011081
"1590","WYRF-0101",1,80.12,0.555650819
"1591","MIR9-0904",1,79.92,1.001398339
"1592","WAS9-0916",2,5.62,0.268128416
"1593","WIR9-0907",1,42.4,0.445012382
"1594","IAR9-0914",1,20.62,0.368987394
"1595","NHR9-0901",2,19.8,0.518471686
"1596","TXS9-0938",1,26.95,0.721989662
"1597","MTRM-1010",1,72.77,0.670966326
"1598","MTR9-0903",1,44.98,0.101699709
"1599","WYS9-0936",1,86.95,1.108118173
"1600","INRO-1025",1,32.52,1.272236068
"1601","CTRO-1022",1,20.12,0.361146883
"1602","TNRO-1014",1,27.43,0.366442924
"1603","WYLS-1104",1,59.47,0.838690292
"1604","WYLS-1108",1,59.68,0.838457666
"1605","IAR9-0901",1,48.03,0.447256399
"1606","TNS9-0924",1,23.15,0.772528004
"1607","TNSS-1074",1,23.97,0.555230877
"1608","CASS-1183",1,55.3,0.852049449
"1609","CASS-1313",1,53.23,1.022672029
"1610","COS9-0927",1,39.93,0.651354748
"1611","IDLS-1081",1,73.47,1.294390855
"1612","IDS9-0929",1,22.12,0.771070966
"1613","RIR9-0902",1,84.5,1.032316586
"1614","WYR9-0915",1,34.83,1.148173091
"1615","WYLS-1085",1,15.57,0.818457079
"1616","CTR9-0906",1,10.4,0.213940972
"1617","ORRO-1062",1,42.02,0.929516865
"1618","MTR9-0915",1,79.55,0.801285149
"1619","IARO-1016",1,32.6,0.548025446
"1620","COR9-0902",2,49.45,0.957807228
"1621","CASS-1357",1,6.05,0.354997107
"1622","MOR9-0907",1,63.38,1.20209321
"1623","MTRF-0007",1,79.12,1.386294234
"1624","MTRF-0106",1,31.08,0.867664953
"1625","MTRF-0107",1,100,1.285622327
"1626","MTRF-0117",1,52,1.098682541
"1627","IDRO-1056",1,54.88,0.59374434
"1628","LAR9-0901",1,40.67,0.681674803
"1629","LAR9-0906",1,8.38,0.451292303
"1630","MNS9-0936",1,46.55,1.290180518
"1631","NDLS-1077",1,29.4,1.101768721
"1632","CTR9-0901",1,8.12,0.480008523
"1633","CTRF-0001",1,60.82,1.022184832
"1634","WYR9-0905",1,44.97,1.342906854
"1635","MTSS-1305",1,86.92,1.244805337
"1636","PASS-1168",1,59.5,1.044311978
"1637","ILRM-1001",1,36.53,0.959454201
"1638","CASS-1350",1,43.32,0.741355713
"1639","IARO-1017",1,25.18,0.630779857
"1640","MTLS-1144",1,16.65,0.80250639
"1641","OKRO-1102",1,63.08,1.180424608
"1642","ORR9-0905",1,50.28,1.023208013
"1643","SDS9-0945",1,3.97,0.634751503
"1644","TXSS-1206",1,26.6,0.857004186
"1645","NERM-1008",1,13.5,0.387506236
"1646","UTS9-0928",2,56.57,1.226388647
"1647","CORM-1001",1,69.07,0.834471485
"1648","PAS9-0925",1,13.67,0.578228545
"1649","IAR9-0904",1,50.93,0.69208147
"1650","MAS9-0914",1,36.4,0.45611384
"1651","DELS-1027",1,57.23,1.251924159
"1652","ILR9-0907",1,46.58,1.053948657
"1653","MNS9-0937",1,43.57,1.014300395
"1654","MOR9-0904",2,50.2,0.761831212
"1655","MORM-1004",1,67.35,1.180674998
"1656","MTS9-0938",1,33.07,0.841319492
"1657","TXR9-0921",1,44.78,0.71451435
"1658","WARO-1039",1,1.73,0.509099281
"1659","WYS9-0937",2,33.52,0.866062086
"1660","WYRO-1043",1,73,1.331288126
"1661","WAR9-0903",1,16.1,0.549574847
"1662","MORO-1047",1,54.73,0.690394463
"1663","NER9-0914",2,39.27,0.65016022
"1664","NERM-1004",1,0,0.617948131
"1665","WIRO-1043",1,22.47,0.259836712
"1666","RILS-1024",1,18.98,0.211831372
"1667","RIR9-0901",1,15.17,0.301347614
"1668","IAR9-0907",1,29.18,0.831424355
"1669","ILSS-1119",1,25.68,0.833944591
"1670","LAS9-0949",1,16,0.767214476
"1671","MTS9-0922",1,62.1,1.110026593
"1672","NDR9-0902",1,55.42,0.95805571
"1673","SDRM-1004",1,42.67,0.993025408
"1674","CALS-1120",1,44.63,0.821812783
"1675","CASS-1275",1,23.33,1.011326565
"1676","ILRM-1002",1,50.67,0.766693549
"1677","NERM-1007",1,88.38,1.04154739
"1678","IAR9-0914",2,15.63,0.553481091
"1679","IDSS-1128",1,71.87,1.054405194
"1680","IDS9-0920",1,52.38,0.939376233
"1681","NDS9-0942",1,21.78,0.70975664
"1682","OKSS-1403",1,45,0.5627479
"1683","TXSS-1215",1,34.57,1.307043212
"1684","WIR9-0901",1,8.65,0.421998099
"1685","MIR9-0901",1,17.35,0.88269478
"1686","GARM-1006",1,24.48,0.518357923
"1687","MTR9-0904",1,84.95,1.242894746
"1688","WIRM-1002",1,38.43,0.602911528
"1689","MOSS-1163",1,24.35,0.775884688
"1690","MSR9-0908",2,79.83,1.416772062
"1691","LALS-1037",1,20.08,0.991597397
"1692","ILLS-1070",1,21.18,1.206374876
"1693","MIRO-1022",1,42.35,0.586463514
"1694","IAR9-0901",2,44.57,0.670884598
"1695","MTSS-1290",1,47.65,1.188578548
"1696","SDLS-1120",1,30.65,0.839467488
"1697","ORS9-0931",2,58.92,0.901776214
"1698","NDR9-0904",1,38.07,1.044999963
"1699","NERO-1045",1,64.55,1.009158058
"1700","NES9-0936",1,79.98,1.096486228
"1701","TXR9-0919",1,44.95,0.701573675
"1702","CALS-1116",1,8.13,0.593767991
"1703","INRM-1002",1,47.8,1.117780818
"1704","WASS-1146",1,51.07,0.904940665
"1705","MNRO-1053",1,38.08,1.040472501
"1706","IAR9-0908",1,26,0.63319542
"1707","RIS9-0913",1,22.55,0.521242285
"1708","MTRF-0102",1,59.93,1.08126459
"1709","MTRF-0105",1,66.28,0.928946054
"1710","TNR9-0902",1,1.25,0.400533922
"1711","TNS9-0919",1,57.82,0.747196424
"1712","ILRO-1026",1,36.82,0.878143485
"1713","IAS9-0929",1,55.37,1.285736072
"1714","MTLS-1164",1,79.37,0.964948595
"1715","MTS9-0943",1,71.95,1.063616915
"1716","DES9-0905",2,44.22,0.634262802
"1717","RIRF-0001",1,26.13,0.261767218
"1718","MIR9-0905",1,26.43,0.933252673
"1719","MOSS-1161",1,15.9,0.791275295
"1720","TXRM-1016",1,43.85,1.152276847
"1721","ORSS-1169",1,67.02,1.025294208
"1722","LAR9-0901",2,38.68,0.779056918
"1723","MTR9-0906",1,84.78,0.894883867
"1724","MTRO-1073",1,82.5,1.074194999
"1725","NDR9-0901",1,47.05,1.031025166
"1726","SDR9-0916",1,39.28,1.012434934
"1727","WALS-1073",1,75.52,1.105864035
"1728","GAR9-0910",1,66.6,1.237123556
"1729","NHRF-0004",1,68.45,1.015814858
"1730","ALRO-1023",1,58,1.109648369
"1731","ILS9-0928",2,17.45,0.92784827
"1732","IAR9-0906",1,30.43,0.44621272
"1733","MSS9-0919",2,67.28,1.236105555
"1734","MDR9-0901",1,31.48,0.560691089
"1735","IARM-1002",1,22.13,0.803182895
"1736","NES9-0935",1,59.75,0.983153885
"1737","MTRO-1065",1,65.17,0.472777172
"1738","NER9-0909",1,79.7,1.01026623
"1739","TNS9-0927",1,34.23,0.510861104
"1740","MSS9-0912",1,38.17,1.174883556
"1741","TNR9-0905",1,39.53,0.646708109
"1742","TNS9-0921",1,31.17,0.712818966
"1743","IDS9-0925",1,18.4,0.762073694
"1744","IDLS-1074",1,57.28,1.236477654
"1745","IDRO-1046",1,38.55,1.021573603
"1746","IDR9-0912",1,32.22,1.14994702
"1747","RIRO-1002",1,36.37,0.451435355
"1748","RIR9-0902",2,67.02,0.903277013
"1749","MAS9-0915",1,73.9,0.948572449
"1750","IDLS-1083",1,41.45,0.903355604
"1751","IDRO-1051",1,62.42,1.14580226
"1752","IDRO-1055",1,69.17,0.813107634
"1753","IDRF-0102",1,36.17,0.508832283
"1754","MTRF-0115",1,61.95,0.75970835
"1755","MTRF-0110",1,27.67,1.003060227
"1756","MTRF-0116",1,56.22,1.084335686
"1757","IARO-1014",1,27.1,0.606963294
"1758","OKRM-1020",1,38.72,0.137324036
"1759","CAR9-0901",2,29.98,0.607713275
"1760","TNLS-1032",1,53.58,0.772121481
"1761","TNS9-0922",1,44.83,0.985033025
"1762","ORRM-1007",1,7.15,0.290975457
"1763","MSR9-0904",1,14.05,0.380963773
"1764","DER9-0901",2,11.67,0.707410759
"1765","CTR9-0901",2,14.53,0.822871754
"1766","CTR9-0906",2,13.45,0.356568287
"1767","IALS-1049",1,16.75,0.822733053
"1768","OKRO-1103",1,26.22,0.28579672
"1769","TXLS-1134",1,30.78,0.647135073
"1770","WIRF-0014",1,57.92,1.154682822
"1771","INR9-0904",1,30.18,0.512900183
"1772","NDLS-1063",1,31.05,1.378541904
"1773","SDRM-1022",1,65.37,0.767871989
"1774","VAS9-0915",1,16.15,0.353163423
"1775","VAS9-0917",1,53.1,1.190740551
"1776","CAR9-0913",1,21.2,0.609654181
"1777","CAR9-0906",1,19.37,0.571925244
"1778","NESS-1138",1,30.27,0.918650376
"1779","SDS9-0945",2,6.43,0.634751503
"1780","WIRO-1040",1,29.22,0.6830618
"1781","ORRO-1049",1,4.77,0.24062468
"1782","WVS9-0923",2,68.02,0.993560615
"1783","MTRO-1068",1,92.8,1.011049576
"1784","WYSS-1206",1,8.4,0.781494551
"1785","WALS-1068",1,52.37,1.292368514
"1786","INR9-0901",2,24.95,0.60637173
"1787","IALS-1054",1,12.28,0.82920773
"1788","MTS9-0922",2,40.58,0.763143283
"1789","MTS9-0926",1,57.43,1.022469514
"1790","SDLS-1119",2,NA,NA
"1791","PARO-1051",1,74.6,1.01203393
"1792","WYSS-1210",1,16.8,0.332070885
"1793","WAS9-0927",1,66.9,1.043785933
"1794","ORRM-1004",1,19.6,0.841225827
"1795","MSRM-1003",1,29.15,0.57101467
"1796","WYS9-0938",2,43.78,0.889257181
"1797","MTSS-1326",1,76.2,1.093503166
"1798","NER9-0915",1,56.57,1.053674029
"1799","MARM-1001",1,7.18,0.490165211
"1800","TXRM-1020",1,41.05,0.989055941
"1801","WASS-1139",1,30.48,0.978420783
"1802","WISS-1163",1,18.13,0.164276168
"1803","INR9-0902",2,21.65,0.46170151
"1804","WIRF-0007",1,67.55,1.384480371
"1805","MAR9-0901",1,15.1,0.397644101
"1806","WAS9-0917",1,87.63,0.952091705
"1807","NJRM-1002",1,56.27,0.925550517
"1808","MAR9-0903",1,32.38,0.923024834
"1809","MARM-1002",1,8.25,0.0767
"1810","NER9-0916",1,14.42,0.713650486
"1811","TXRO-1085",1,41.45,1.20867733
"1812","VAS9-0916",1,50.97,1.047153487
"1813","MSRM-1001",1,61.68,1.127491492
"1814","WYSS-1204",1,43.98,1.023278613
"1815","MASS-1076",1,11.43,0.453980346
"1816","WYR9-0903",1,73.27,0.796437706
"1817","MTLS-1189",1,68.73,1.283138801
"1818","TNRM-1004",1,23.65,0.588631471
"1819","LARO-1022",1,26.13,0.94352444
"1820","MARM-1003",1,17.77,0.472993019
"1821","MERO-1025",1,23.13,0.39360041
"1822","MSRO-1022",1,23.62,0.21576362
"1823","MSRO-1019",1,61.07,0.921061393
"1824","NDRF-0008",1,43.37,1.319859015
"1825","CTR9-0902",1,51.15,0.853810675
"1826","MTRF-0103",1,57.87,1.109705954
"1827","IDS9-0920",2,52.88,0.867116523
"1828","IDS9-0921",1,45.62,0.893593763
"1829","INSS-1095",1,41.1,0.740911596
"1830","SDRO-1071",1,28.08,0.763371283
"1831","RIR9-0901",2,10.53,0.376684518
"1832","RIRO-1003",1,21.32,0.753417183
"1833","CARM-1012",1,14.88,0.626638316
"1834","MTLS-1138",1,93.68,1.059496571
"1835","ORR9-0905",2,55.47,0.950121727
"1836","MIS9-0926",1,56.92,0.820014946
"1837","SDRO-1078",1,78.62,0.963168575
"1838","VAS9-0918",1,16.33,0.579098859
"1839","WYRF-0102",1,69.05,1.229362278
"1840","WYSS-1213",1,48.98,0.870579346
"1841","TNS9-0920",2,32.55,0.823519346
"1842","NERO-1046",1,22.15,0.594943543
"1843","TNLS-1031",1,40.03,0.998642155
"1844","TNSS-1073",1,70.08,1.039500549
"1845","INS9-0927",1,76.48,1.341510138
"1846","MTR9-0917",1,76.53,0.844582303
"1847","MALS-1041",1,47.28,0.964277348
"1848","DELS-1033",1,60.87,1.06993479
"1849","GAR9-0913",1,45.68,0.899129043
"1850","KYRM-1005",1,33.85,0.535958623
"1851","MERM-1004",1,33.97,0.719971891
"1852","PALS-1089",1,43.2,0.943052294
"1853","NDRO-1021",1,48.07,0.866475073
"1854","SDRM-1013",1,20.73,0.508521599
"1855","VAS9-0921",1,86.6,1.088260101
"1856","TNR9-0901",1,17.57,0.336444668
"1857","TNR9-0902",2,6.75,0.400533922
"1858","TNRO-1015",1,68.33,0.686057526
"1859","CAR9-0911",1,15.77,0.350211513
"1860","MIRO-1025",1,55.4,1.105901549
"1861","MERF-0003",1,76,1.312174553
"1862","MORM-1003",1,16.67,0
"1863","WAR9-0903",2,24.68,0.549574847
"1864","OKRM-1026",1,20.73,0.550158733
"1865","MTS9-0945",1,76.67,0.863601794
"1866","WARF-0001",1,66.25,1.162059422
"1867","SDRM-1017",1,74.22,0.979659358
"1868","WYRO-1044",1,58.68,0.958652707
"1869","ORLS-1110",1,26.77,0.837499806
"1870","MALS-1042",1,44.75,0.745851005
"1871","INLS-1043",1,43.92,1.233936545
"1872","LAR9-0907",1,18.13,0
"1873","LARM-1001",1,34.37,0.571264706
"1874","KYRM-1001",1,21.02,0.707874785
"1875","MTRF-0005",1,42.77,0.909957676
"1876","PAS9-0915",2,17.93,0.743670391
"1877","TXLS-1132",1,54.62,1.210417854
"1878","OKLS-1222",1,17.03,1.033526802
"1879","MOR9-0906",1,9.95,0.190690783
"1880","MESS-1104",1,35.35,0.774853993
"1881","VARS11-163",1,70,1.189646779
"1882","ILR9-0903",1,17.53,0.238814543
"1883","MERF-0004",1,75.7,1.39650246
"1884","MIR9-0901",2,47.52,1.176926373
"1885","ILR9-0901",1,1.07,0.30247193
"1886","MTS9-0935",1,87.97,0.709590207
"1887","WYS9-0929",1,52.6,0.63819812
"1888","SDLS-1117",1,44.65,1.121204116
"1889","SDRM-1014",1,33.82,0.534561475
"1890","WARF-0002",1,69.95,1.2443734
"1891","SDRO-1075",1,24.65,1.003539816
"1892","NELS-1083",1,75.95,1.131164884
"1893","NER9-0909",2,64.98,0.909239607
"1894","WARO-1043",1,31.52,0.818172531
"1895","CTRO-1019",1,82.38,1.059925645
"1896","ILRM-1003",1,19.3,0.504433136
"1897","WIR9-0915",1,27.27,0.710938374
"1898","GAR9-0905",1,70.63,1.418152711
"1899","MESS-1108",1,29.97,0.446321022
"1900","KYR9-0901",2,21.77,0.106129264
"1901","VAS9-0919",1,24.48,0.717288745
"1902","UTRO-1037",1,59.77,0.473761601
"1903","TNSS-1077",1,25.22,0.902360234
"1904","MIR9-0908",1,44.65,1.075543056
"1905","MOR9-0903",1,32.47,1.053928508
"1906","SDR9-0915",1,85.48,0.763090239
"1907","MAS9-0914",2,34.67,0.28507115
"1908","CORM-1005",1,60.85,0.631753823
"1909","SDR9-0920",1,56.72,1.056670947
"1910","NESS-1140",1,70.57,0.982573951
"1911","MTLS-1135",1,38.2,1.332603642
"1912","MTR9-0903",2,51.98,1.118696799
"1913","MELS-1052",1,60.1,0.69064396
"1914","MER9-0901",2,4.27,0.774746796
"1915","MAR9-0902",1,15.1,0.295131213
"1916","WYR9-0901",1,52.68,1.035170195
"1917","MERF-0002",1,83.98,1.096951841
"1918","MORM-1006",1,12.73,0.199653322
"1919","IDRM-1018",1,46.5,1.328676892
"1920","IDRM-1010",1,29.17,0.604624568
"1921","IDRM-1006",1,29.03,0.519316132
"1922","RIS9-0913",2,22.67,0.469118057
"1923","ILR9-0904",1,30.37,0.854330315
"1924","IDS9-0928",1,49.92,0.809612307
"1925","IDLS-1086",1,75.73,0.913530004
"1926","IDLS-1077",1,82.68,1.215249721
"1927","IDLS-1065",1,68.32,1.156463783
"1928","IDSS-1132",1,36.4,0.801481105
"1929","MTRF-0004",1,56.85,0.974484097
"1930","MTRF-0108",1,52.82,0.882095284
"1931","INSS-1090",1,15.22,0.934111082
"1932","WYR9-0909",1,51.38,0.594359329
"1933","UTRO-1032",1,47.4,0.947459447
"1934","MALS-1038",1,11.82,0.418912503
"1935","MOR9-0901",1,30.68,0.227296542
"1936","MTSS-1302",1,71.18,1.049811555
"1937","TXSS-1240",1,49.62,0.916404306
"1938","WIR9-0901",2,8.85,0.421998099
"1939","MES9-0910",2,62.42,1.02539253
"1940","ORRO-1067",1,56.78,1.267224285
"1941","MAS9-0915",2,68.3,1.067144006
"1942","WAS9-0924",1,60.12,1.042514756
"1943","WYRO-1039",1,27.43,0.716489594
"1944","SDRM-1012",1,15.32,0.745735707
"1945","DERO-1004",1,29.72,0.886938
"1946","CTRO-1021",1,45.22,0.901660137
"1947","MASS-1079",1,0,0.33875129
"1948","MORM-1001",1,32.83,0.226804619
"1949","WIR9-0906",1,44.83,0.339081633
"1950","WIRO-1054",1,29.27,0.254354632
"1951","IDLS-1082",1,64.42,0.995690526
"1952","WYLS-1106",1,40.27,0.721795729
"1953","ILRO-1023",1,3.35,0.836357033
"1954","PAS9-0921",1,26.02,0.903509339
"1955","MER9-0902",2,79.68,1.059375831
"1956","UTR9-0902",1,21.95,0.780468434
"1957","TNS9-0919",2,44.3,0.679269477
"1958","MTSS-1297",1,29.87,0.960960424
"1959","INS9-0919",1,32.6,0.375408495
"1960","PAR9-0904",1,33.88,0.853482746
"1961","WYR9-0903",2,59.97,0.707944627
"1962","WAR9-0910",1,67.35,1.283233737
"1963","MOS9-0938",1,34.12,0.87024106
"1964","MTSS-1321",1,77.73,1.108961254
"1965","MAR9-0901",2,16.82,0.397644101
"1966","MASS-1072",1,0.55,0.117215899
"1967","TXRM-1018",1,50.35,0.839647589
"1968","VAS9-0916",2,66.6,1.134416277
"1969","WIR9-0911",1,11.6,0.628099685
"1970","ILRO-1028",1,16.65,0.82544682
"1971","MASS-1077",1,54.65,1.064512649
"1972","MTSS-1319",1,64.07,1.248586323
"1973","WYRM-1010",1,56.47,0.893811299
"1974","PARF-0005",1,66.78,1.206656
"1975","MESS-1107",1,47.2,0.977607842
"1976","MESS-1109",1,12.65,0.310445675
"1977","RIRO-1001",1,75.53,1.096836373
"1978","MELS-1050",1,31.1,0.404688736
"1979","MER9-0906",1,45.33,1.04317436
"1980","WIRO-1048",1,4.5,0.538253663
"1981","CARM-1002",1,40.75,0.713422835
"1982","KSRS-1308",1,55.53,1.291790049
"1983","WVR9-0903",1,11.28,0.426753219
"1984","INS9-0924",1,16.87,0.638598844
"1985","DELS-1032",1,73.53,1.266218825
"1986","MDR9-0901",2,36.98,0.560691089
"1987","RISS-1093",1,39.3,0.686728012
"1988","MTRO-1074",1,31.32,1.036087545
"1989","WIR9-0912",1,20.45,0.477465244
"1990","AZSS-1125",1,13.97,0.55277606
"1991","GARM-1003",1,41.12,0.401057777
"1992","KSS9-0930",1,50.72,1.210091131
"1993","ORSS-1172",1,71.28,1.180017836
"1994","CTRM-1002",1,16.83,0.383370117
"1995","CTRM-1003",1,59.27,1.084805974
"1996","TXLS-1133",1,53.62,1.042892906
"1997","VAS9-0915",2,13.43,0.211898054
"1998","VAS9-0920",1,48.77,0.842431209
"1999","INS9-0921",1,55.05,1.020894849
"2000","COSS-1104",1,74.22,1.107281462
"2001","WASS-1134",1,NA,NA
"2002","WVSS-1044",1,59.43,0.909629532
"2003","MDSS-1092",1,35.95,0.685027299
"2004","COR9-0909",1,32.1,0.605403327
"2005","GARO-1033",1,37.5,0.639843638
"2006","ORS9-0935",1,78.23,0.850866143
"2007","TXR9-0912",1,65.55,0.829811294
"2008","VARS11-153",1,66.97,0.998973703
"2009","WIRM-1006",1,25.38,0.872585479
"2010","MTSS-1330",1,32.08,0.602253602
"2011","MARO-1019",1,62.02,0.853641451
"2012","COLS-1070",1,23.17,0.994740427
"2013","WIRF-0004",1,58.77,0.70998463
"2014","MAR9-0902",2,24.8,0.354157456
"2015","MERM-1001",1,35.83,1.035705385
"2016","MERM-1003",1,28.08,1.034404617
"2017","MER9-0903",1,71.88,1.256869389
"2018","ILR9-0906",1,58.82,1.224020756
"2019","INLS-1048",1,55.87,1.091817946
"2020","MERM-1005",1,74.1,1.246248922
"2021","CTLS-1047",1,67.77,0.696359378
"2022","IDRO-1058",1,59.75,1.130792905
"2023","IDR9-0907",1,58.12,0.94354633
"2024","WYR9-0910",1,68.02,0.99154152
"2025","WYRM-1006",1,71.8,0.99154152
"2026","ORLS-1109",1,64.4,1.123970197
"2027","MSRM-1004",1,75.15,0.897077832
"2028","WIR9-0909",1,53.5,0.702686003
"2029","UTRM-1006",1,39.62,0.691447212
"2030","TXSS-1243",1,34.13,0.690290929
"2031","MDSS-1095",1,14.25,0.721243927
"2032","OKRF-0008",1,3.5,0.530485625
"2033","ILR9-0901",2,4.6,0.504119884
"2034","INLS-1045",1,58.78,1.139742336
"2035","MSRF-0004",1,73.73,1.227885084
"2036","NJSS-1086",1,15.93,0.277365003
"2037","WIR9-0902",1,49.83,1.106205008
"2038","WALS-1067",1,66.3,1.140459522
"2039","WYRM-1008",1,90.42,0.7999841
"2040","DESS-1096",1,8.18,0.42791774
"2041","MDS9-0916",1,43.63,0.637161911
"2042","IDS9-0926",1,24.08,0.687552433
"2043","NYR9-0916",1,35.2,0.77109479
"2044","WIR9-0916",1,47.03,0.445553314
"2045","MSRO-1021",1,64.8,1.408228978
"2046","VARS11-151",1,37.37,0.621717615
"2047","MDRO-1013",1,58.22,1.085727382
"2048","MTRM-1002",1,76.47,1.191381622
"2049","MTS9-0936",1,68.67,1.260492835
"2050","MTSS-1331",1,47.75,0.83948825
"2051","NYR9-0907",1,30.8,0.758754825
"2052","NYRM-1008",1,8.83,0.493484549
"2053","VARS11-152",1,39.9,0.63977197
"2054","WAR9-0902",1,24.83,0.718195804
"2055","WVSS-1046",1,18.58,0.10732049
"2056","PALS-1092",1,60.9,0.980288624
"2057","TNSS-1080",1,81.77,1.424399292
"2058","WIR9-0903",1,2.25,0.535304378
"2059","NDRM-1005",1,42.25,1.072365763
"2060","TNR9-0904",1,55.42,0.76162697
"2061","TNSS-1082",1,41.15,0.841204668
"2062","NYRM-1004",1,0,0.146569643
"2063","VARS11-181",1,53.42,0.934241047
"2064","INSS-1092",1,68.15,0.815300047
"2065","KSS9-0930",2,42.23,0.950785889
"2066","NESS-1143",1,39.18,0.955304572
"2067","OKR9-0903",1,6.67,0.548432836
"2068","PARO-1054",1,56.28,1.321404139
"2069","WIRF-0015",1,60.57,0.989000981
"2070","IDR9-0909",1,9.97,0.634212054
"2071","IDRM-1007",1,47.43,0.945279209
"2072","TNR9-0901",2,25.7,0.588778169
"2073","ILSS-1122",1,4.45,0.398697179
"2074","PAR9-0907",1,74.37,1.180066784
"2075","VARF-0002",1,76.73,1.055253429
"2076","GAR9-0907",1,41.4,0.943484227
"2077","MTRO-1071",1,46.67,1.050301525
"2078","MTS9-0939",1,51.77,0.858610327
"2079","MTSS-1328",1,92.87,0.856013489
"2080","MELS-1051",1,58.02,1.185731489
"2081","MESS-1106",1,73.78,1.079174542
"2082","NDR9-0912",1,51.58,0.837108751
"2083","TNRO-1017",1,43.87,0.760876132
"2084","INSS-1093",1,27.55,0.648324148
"2085","NJSS-1088",1,38.47,0.799080349
"2086","SDR9-0910",1,0,0
"2087","MESS-1111",1,48.52,0.744967312
"2088","CARO-1048",1,35.75,0.230889716
"2089","ILLS-1075",1,43.17,0.931148081
"2090","MERF-0006",1,74.95,1.141114918
"2091","MOR9-0902",1,36,0.227296542
"2092","MTLS-1141",1,60.05,1.000613568
"2093","VARF-0007",1,71.5,1.040951736
"2094","VARS11-169",1,76.92,1.343049819
"2095","WVR9-0905",1,28.62,0.647737085
"2096","IDS9-0921",2,47.28,0.96805991
"2097","IDSS-1147",1,26.27,0.762902927
"2098","GAR9-0905",2,60.95,0.661804598
"2099","MORM-1005",1,35.63,0.119407271
"2100","SDRM-1016",1,24.3,0.458062211
"2101","VARF-0008",1,45.77,1.041500434
"2102","ILLS-1076",1,48.95,1.069019538
"2103","MERM-1006",1,39.95,0.778386146
"2104","MERO-1028",1,62.6,0.968715558
"2105","CARO-1060",1,16.53,0.549286605
"2106","NDRO-1029",1,80.28,1.362326495
"2107","PALS-1085",1,52.88,0.836299321
"2108","WIRO-1055",1,41.97,0.536494012
"2109","MERM-1002",1,36.57,0.816016311
"2110","UTLS-1061",1,32.15,0.80422411
"2111","MOR9-0903",2,38.15,0.574870095
"2112","ILR9-0905",1,73.12,1.287054539
"2113","MER9-0904",1,16.93,0.610908566
"2114","MER9-0907",1,53.35,1.026929941
"2115","MER9-0908",1,39.32,1.185303608
"2116","PAS9-0914",2,17.42,0.489901047
"2117","UTLS-1062",1,49.68,0.973513147
"2118","MORM-1002",1,25.98,0.112508408
"2119","WVR9-0903",2,23.02,0.426753219
"2120","MERF-0001",1,70.8,0.993961987
"2121","NDRO-1026",1,58.43,1.030270716
"2122","OKR9-0904",1,25.5,0.97626965
"2123","WIRO-1058",1,65.4,0.646239958
"2124","WVRO-1008",1,15.35,0.567009794
"2125","WILS-1086",1,24.67,0.127014388
"2126","IDSS-1148",1,8.15,0.243324392
"2127","MDLS-1042",1,49.38,0.801326281
"2128","GALS-1060",1,61.88,0.897689852
"2129","MER9-0903",2,62.4,1.256869389
"2130","MTRO-1075",1,25.75,1.088954663
"2131","WIRO-1046",1,46.48,0.744483029
"2132","OKRM-1022",1,24.32,0.519158583
"2133","VAR9-0901",1,46.13,0.88515852
"2134","SDLS-1116",1,58.73,0.822768068
"2135","AZLS-1083",1,25.25,0.967824567
"2136","ORR9-0913",1,23.7,0.299898795
"2137","IDSS-1111",1,34.23,0.606621677
"2138","ORRO-1054",1,18.62,0.299540473
"2139","ORS9-0942",1,19.08,0.442452022
"2140","WIR9-0902",2,65.62,0.921837507
"2141","MERF-0005",1,74.25,1.251305034
"2142","WARO-1038",1,47.65,0.953630191
"2143","MDS9-0916",2,32.57,0.743355563
"2144","INS9-0927",2,62.5,1.45330265
"2145","RILS-1029",2,69.75,0.385687476
"2146","WIR9-0917",1,47.38,0.575198508
"2147","ILSS-1169",1,18.67,0.766732555
"2148","INS9-0922",1,72.2,1.261501636
"2149","WIR9-0918",1,46.38,0.436635671
"2150","FLLS-1064",1,41.75,0.830916487
"2151","WIR9-0904",1,33.07,0.367579234
"2152","MTLS-1149",1,26.53,0.312329737
"2153","MTLS-1155",1,44.47,0.971887543
"2154","SDRM-1020",1,23.27,0.248331021
"2155","WIRO-1051",1,26.07,0.81317797
"2156","WIR9-0919",1,NA,NA
"2157","MIS9-0923",2,33.37,1.248109924
"2158","VTS9-0917",2,64.03,1.196052711
"2159","VTRS-1010",1,66.42,1.106446191
"2160","MILS-1061",1,36.07,1.199064208
"2161","VTS9-0909",2,57.73,0.816197202
"2162","ORLS-1095",1,48.48,0.946914775
"2163","ORS9-0934",1,76.68,1.062633178
"2164","ORS9-0941",1,42.82,0.89549457
"2165","NCLS-1040",1,3,0.37317099
"2166","NCS9-0923",1,14.1,0.73392201
"2167","NCRO-1014",1,12.82,0.592783846
"2168","NCR9-0915",1,33.18,0.760033881
"2169","NCLS-1037",1,10.28,0.382928126
"2170","NCS9-0918",1,22.28,0.7108517
"2171","NCR9-0907",1,35.7,0.666958891
"2172","NCS9-0917",1,21.65,0.496442319
"2173","NCRM-1003",1,14.25,0.490570122
"2174","NCS9-0919",1,45.97,1.034269895
"2175","NCRO-1013",1,36.12,0.949449125
"2176","NCLS-1039",1,69.23,1.110784054
"2177","NCS9-0926",1,59.73,1.045393417
"2178","NCS9-0918",2,17.83,0.812401943
"2179","NCS9-0925",1,37.35,1.09637885
"2180","NCS9-0917",2,27.17,0.661923091
"2181","NCSS-1088",1,30.9,1.01761484
"2182","KYSS-1082",1,33.57,0.589351818
"2183","NCR9-0915",2,36.37,1.045046586
"2184","TXRF-0006",1,32.22,1.079962438
"2185","NERF-0001",1,66.93,1.047078316
"2186","NERF-0003",1,41.78,0.613535155
"2187","NERF-0004",1,54.33,1.158643081
"2188","NERF-0002",1,75.72,1.149898735
"2189","KYRO-1030",1,36.37,1.048446377
"2190","NMR9-0905",1,37.7,0.895271736
"2191","KYR9-0902",1,39.12,0.560866895
"2192","NMS9-0920",2,57.6,1.098713076
"2193","MNLS-1092",1,52.32,1.290297962
"2194","KYR9-0903",1,21.52,0.307588556
"2195","MNR9-0915",1,61.38,1.113560133
"2196","MNRO-1049",1,78.53,0.994938064
"2197","OKRF-0005",1,65.47,1.484375119
"2198","NMRO-1025",1,0.42,0.722935247
"2199","OHR9-0901",1,20.47,0.919138829
"2200","NMR9-0905",2,38.63,1.278959623
"2201","MIR9-0903",1,43.15,1.016284305
"2202","NMSS-1076",1,26.77,0.52562371
"2203","OHRM-1003",1,75.53,1.222530032
"2204","MIRM-1003",1,20.45,0.924947871
"2205","OHR9-0906",1,19.45,0.812683387
"2206","MNR9-0906",1,46.6,0.793728299
"2207","MNRO-1054",1,50.67,0.88435536
"2208","ORRM-1002",1,34.7,1.01043772
"2209","COR9-0902",1,52.68,0.598629518
"2210","COR9-0906",1,38.15,0.321093394
"2211","MILS-1055",1,50.45,0.829283058
"2212","COSS-1107",1,28.38,0.520818227
"2213","MIR9-0910",1,44.23,0.921924476
"2214","MORF-0006",1,59.63,0.90047863
"2215","MIR9-0903",2,28.38,1.108673787
"2216","MNS9-0928",1,19.98,1.367372765
"2217","MNSS-1173",1,17.87,0.830798322
"2218","MORF-0001",1,48.93,1.146893517
"2219","MNLS-1095",1,43.32,1.389850981
"2220","MNSS-1170",1,18.33,0.964726913
"2221","MIRM-1002",1,47.5,1.015605201
"2222","MIRO-1023",1,58.67,0.980545355
"2223","KSRF-0001",1,64.65,0.930024022
"2224","MIRO-1019",1,65.15,1.244540442
"2225","MNR9-0902",1,51.45,1.006634023
"2226","IARO-1015",1,18.47,0.695046835
"2227","IARM-1001",1,27.2,0.624521775
"2228","IAR9-0902",1,35.23,0.407629116
"2229","IAR9-0909",1,40.47,0.917284247
"2230","MNR9-0917",1,74.7,1.184955941
"2231","IAR9-0903",1,31.67,0.624680914
"2232","KYR9-0901",1,0,0.212258528
"2233","MNRM-1001",1,39.82,0.351600395
"2234","KYR9-0904",1,29.08,0.213053303
"2235","IALS-1053",1,26.03,0.626816213
"2236","MNS9-0928",2,21.55,0.607721229
"2237","MNS9-0930",1,61.33,1.2673664
"2238","WYRO-1037",1,79.12,1.208719813
"2239","KYRM-1004",1,10.42,0.421019702
"2240","MNR9-0902",2,40.42,1.006634023
"2241","MNR9-0909",1,40.85,1.15431654
"2242","ORRO-1066",1,54.6,1.070495785
"2243","MNRM-1009",1,14.78,0.587709581
"2244","MIR9-0902",1,29.93,0.919544833
"2245","COSS-1115",1,61.93,1.270757925
"2246","CORO-1033",1,45.32,0.701057252
"2247","WYSS-1209",1,18.7,0.681823745
"2248","MNSS-1172",1,14.52,0.613503433
"2249","MNLS-1093",1,33.47,1.103545008
"2250","CTR9-0903",1,3.47,0.439823846
"2251","CTRM-1001",1,11.63,0.587631447
"2252","WYR9-0901",2,62.13,0.805132374
"2253","ORR9-0909",1,20.25,0.60496623
"2254","RILS-1029",1,60.52,1.046866007
"2255","SDRF-0001",1,55.35,1.112972122
"2256","VTR9-0904",2,77.65,1.206981552
"2257","IARF-0001",1,70.78,1.357782084
"2258","MNRM-1005",1,20.18,0.354172549
"2259","KSRF-0007",1,51.1,1.077930151
"2260","MIRO-1024",1,57.87,0.840681542
"2261","OHR9-0901",2,38.38,0.919138829
