"SITE_ID","VISIT_NO","OE_SCORE"
"NRS18_OK_10062",1,0.531965216
"NRS18_OK_10431",1,1.081364842
"NRS18_OK_10025",1,1.303173617
"NRS18_WI_10091",1,0.55463498
"NRS18_WI_10006",1,1.190038091
"NRS18_OK_10001",2,1.045063914
"NRS18_OK_11085",1,1.003776994
"NRS18_WI_10053",1,1.203661836
"NRS18_OK_10053",1,0.635051912
"NRS18_OK_10050",2,0.50649354
"NRS18_WI_10036",1,1.507703919
"NRS18_WI_10038",1,1.347873792
"NRS18_WI_10019",1,0.971414653
"NRS18_NC_10014",1,0.96126567
"NRS18_OK_10023",1,0.979133293
"NRS18_OK_10029",1,0.558513002
"NRS18_OK_10018",1,0.904477312
"NRS18_OK_10022",2,0.905092914
"NRS18_OK_10003",1,0.829096524
"NRS18_OK_10830",1,1.237793613
"NRS18_OK_10034",1,0.896638104
"NRS18_OK_11422",1,0.644915397
"NRS18_OK_10340",1,0.714319964
"NRS18_KS_10098",1,0.152836134
"NRS18_KS_10086",1,1.125972109
"NRS18_OH_10050",1,1.253772072
"NRS18_KS_10103",1,1.584366087
"NRS18_OH_10023",1,0.609520094
"NRS18_KY_10006",1,0.339483514
"NRS18_TX_10016",1,0.105279293
"NRS18_OH_10014",1,0.749725221
"NRS18_KS_10100",1,1.167491898
"NRS18_MI_10033",1,0.997706247
"NRS18_PA_10004",1,1.122726849
"NRS18_IL_10363",1,0.650583888
"NRS18_GA_10003",1,0.864169878
"NRS18_OH_10029",1,1.145396452
"NRS18_KS_10043",1,1.004684314
"NRS18_WV_10010",1,1.133561758
"NRS18_OK_10001",1,0.676217827
"NRS18_VT_10034",1,0.884060754
"NRS18_OK_10002",1,0.958627896
"NRS18_VT_10011",1,0.854562099
"NRS18_OK_10045",1,0.860392862
"NRS18_CA_10048",1,0.910297495
"NRS18_WI_10030",1,0.60274083
"NRS18_SD_10038",1,0.971736633
"NRS18_TX_10055",1,1.193243416
"NRS18_MI_10056",1,1.050658035
"NRS18_PA_10021",1,0.978422938
"NRS18_CA_10011",1,1.111106621
"NRS18_GA_10001",1,0.782830193
"NRS18_WV_10031",1,0.683123619
"NRS18_TN_10006",1,0.416771862
"NRS18_OH_10033",1,1.038244312
"NRS18_IL_10054",1,1.014784312
"NRS18_LA_10002",1,0.620316833
"NRS18_TN_10026",1,0.33341749
"NRS18_NY_10010",1,0.94983536
"NRS18_WV_10015",1,0.918430974
"NRS18_OH_10012",1,0.951324964
"NRS18_IL_10003",1,0.582067732
"NRS18_LA_10010",1,0.414482694
"NRS18_TN_10001",1,1.069967166
"NRS18_IL_10001",1,1.489374049
"NRS18_LA_10021",1,0.363212964
"NRS18_LA_10013",1,0.560267653
"NRS18_MI_10381",1,0.48307721
"NRS18_CA_10035",1,0.432893766
"NRS18_TN_10009",1,0.974454788
"NRS18_LA_10001",1,0.694792628
"NRS18_KS_10126",1,0.885843196
"NRS18_IL_10013",1,0.865472128
"NRS18_OK_10050",1,0.379870155
"NRS18_IL_10030",1,0.710387887
"NRS18_LA_10012",1,0.543554603
"NRS18_NV_10012",1,1.29262692
"NRS18_NY_10025",1,0.768331741
"NRS18_TX_10009",1,0.748014152
"NRS18_ND_10015",1,1.340506958
"NRS18_MI_10010",1,1.13587226
"NRS18_CA_10032",1,0.592262898
"NRS18_WV_10012",1,0.511777858
"NRS18_OH_10030",1,0.421434503
"NRS18_LA_10014",1,0.976592716
"NRS18_MN_RF001",1,1.123455429
"NRS18_OK_10051",1,0.634093683
"NRS18_UT_10003",1,0.776211979
"NRS18_LA_10022",1,0.414770612
"NRS18_OH_10005",1,0.794589134
"NRS18_CA_10031",1,0.749829878
"NRS18_TX_10081",1,0.376948407
"NRS18_VT_10006",1,0.788809626
"NRS18_CA_10033",1,0.296015963
"NRS18_NE_10035",1,0.918134007
"NRS18_MI_10081",1,1.245750553
"NRS18_UT_10005",1,0.401234011
"NRS18_NV_10016",1,1.029547167
"NRS18_TN_10004",1,0.628249159
"NRS18_TN_10024",1,0.154214167
"NRS18_WV_10016",1,0.709307175
"NRS18_WI_10001",1,0.914486481
"NRS18_LA_10016",1,0.103551582
"NRS18_OH_10001",1,0.587302452
"NRS18_IL_10366",1,0.921579787
"NRS18_VT_10335",1,0.970828076
"NRS18_NY_10009",1,0.254890638
"NRS18_CA_10088",1,0.759462675
"NRS18_NE_10044",1,1.040116873
"NRS18_ND_10010",1,1.590163717
"NRS18_CA_10054",1,0.312482972
"NRS18_MI_10015",1,0.667822346
"NRS18_TN_10010",1,0.334199587
"NRS18_WV_10003",1,1.061494905
"NRS18_NV_10002",1,0.675599846
"NRS18_UT_10012",1,0.959674428
"NRS18_WI_10020",1,0.951321221
"NRS18_OH_10011",1,0.518090399
"NRS18_OH_10006",1,0.261791382
"NRS18_PA_10028",1,0.855005318
"NRS18_LA_10020",1,0.549230605
"NRS18_LA_10018",1,0.716027123
"NRS18_LA_10005",1,0.273656536
"NRS18_LA_10015",1,0.781274172
"NRS18_IL_10041",1,1.007801272
"NRS18_LA_10003",1,0.48858003
"NRS18_WI_10039",1,0.815488398
"NRS18_CA_10036",1,0.505915409
"NRS18_NV_10008",1,0.407156356
"NRS18_WA_10043",1,1.115510421
"NRS18_OK_10056",1,0.89116117
"NRS18_KS_RF001",1,1.160667161
"NRS18_CA_10052",1,0.470327706
"NRS18_LA_10481",1,0.10357028
"NRS18_OK_11082",1,0.138317607
"NRS18_WA_10211",1,0.53205309
"NRS18_CA_10009",1,1.058363307
"NRS18_KS_10123",1,0.938574379
"NRS18_LA_10007",1,0.623636384
"NRS18_OR_10042",1,0.887723775
"NRS18_UT_10004",1,0.337491839
"NRS18_GA_10011",1,0.897847454
"NRS18_OK_10058",1,0.604586292
"NRS18_KY_10001",1,0.633131946
"NRS18_MI_10682",1,0.472441335
"NRS18_OK_11329",1,1.042270824
"NRS18_SD_10039",1,1.430743442
"NRS18_DE_10003",1,0.607387045
"NRS18_WA_10021",1,1.124472333
"NRS18_NJ_10183",1,0.510757581
"NRS18_MI_10048",1,0.945726184
"NRS18_CA_10066",1,1.13348309
"NRS18_VT_10002",1,0.773902363
"NRS18_CA_10322",1,0.379555857
"NRS18_UT_10009",1,0.645257201
"NRS18_KY_10008",1,0.413917678
"NRS18_SC_10011",1,0.404267822
"NRS18_SC_10007",1,0.396238679
"NRS18_WA_10811",1,0.664678862
"NRS18_WA_10001",1,0.773575529
"NRS18_VT_10016",1,0.838779796
"NRS18_SD_10037",1,1.414258072
"NRS18_NH_10010",1,0.413525714
"NRS18_MO_RF001",1,0.87206144
"NRS18_NC_10020",1,0.148946362
"NRS18_NE_10015",1,1.189530634
"NRS18_OR_10026",1,0.988784069
"NRS18_ND_10030",1,1.077991603
"NRS18_CA_10029",1,0.443968647
"NRS18_WA_10014",1,1.080543238
"NRS18_WA_10002",1,0.705973621
"NRS18_SC_10008",1,0.566779897
"NRS18_WA_10013",1,1.118294938
"NRS18_LA_10181",1,0.538467548
"NRS18_LA_10011",1,0.659860465
"NRS18_WA_10012",1,0.946211104
"NRS18_LA_10019",1,0.989980082
"NRS18_GA_10024",1,0.985018361
"NRS18_NV_10003",1,1.064114034
"NRS18_WA_10022",1,0.18623882
"NRS18_TX_10012",1,0.683458937
"NRS18_TX_10029",1,0.801012453
"NRS18_TX_10030",1,0.971322366
"NRS18_LA_10004",1,0.081002255
"NRS18_LA_10006",1,0.867778861
"NRS18_CT_10031",1,1.024916952
"NRS18_LA_10001",2,0.198512179
"NRS18_TX_10886",1,0.165352417
"NRS18_WA_10007",1,1.114285486
"NRS18_IL_10017",1,1.165464883
"NRS18_LA_10013",2,0.560267653
"NRS18_CT_10001",1,1.246651318
"NRS18_MO_RF002",1,0.591967129
"NRS18_IL_10514",1,0.830997005
"NRS18_LA_10010",2,0.414482694
"NRS18_LA_10002",2,0.413544555
"NRS18_TN_10029",1,0.600526184
"NRS18_WI_10005",1,1.284750226
"NRS18_ND_10014",1,1.11273902
"NRS18_IL_10009",1,0.669672145
"NRS18_TX_10062",1,0.606708715
"NRS18_WA_10011",1,1.020407515
"NRS18_MI_10034",1,0.607276494
"NRS18_NV_10005",1,0.756599937
"NRS18_NY_10017",1,0.735557899
"NRS18_PA_10015",1,0.984866716
"NRS18_WA_10005",1,0.564743124
"NRS18_CA_10022",1,0.646950893
"NRS18_MO_10002",1,0.191935071
"NRS18_AR_10017",1,0.19652579
"NRS18_OH_10043",1,0.876071092
"NRS18_OK_10017",1,0.361284423
"NRS18_OK_10038",1,1.010216657
"NRS18_OH_10049",1,0.981089355
"NRS18_WA_10047",1,0.362702271
"NRS18_MI_10007",1,0.958635276
"NRS18_IL_10005",1,1.376317172
"NRS18_DE_10016",1,0.83816929
"NRS18_SD_10544",1,1.013043773
"NRS18_NV_10024",1,1.314837716
"NRS18_IL_10010",1,0.861976841
"NRS18_IL_10021",1,0.727214171
"NRS18_WA_10049",1,0.7751167
"NRS18_ND_10225",1,0.894217574
"NRS18_WV_10002",1,0.596829132
"NRS18_VT_10023",1,1.108881688
"NRS18_PA_10026",1,1.07633573
"NRS18_IL_10002",1,0.079440784
"NRS18_KS_RF003",1,1.214317605
"NRS18_NJ_10005",1,0.924858484
"NRS18_NV_10007",1,1.10680869
"NRS18_NH_10005",1,0.475316552
"NRS18_AR_10002",1,0.293421244
"NRS18_WA_10035",1,1.217208944
"NRS18_SD_10016",1,0.738634238
"NRS18_WI_10069",1,1.286539299
"NRS18_OH_10001",2,0.880953677
"NRS18_TX_10016",2,0.315837878
"NRS18_ND_10010",2,1.590163717
"NRS18_MO_10011",1,0.19155925
"NRS18_KY_10019",1,0.152173556
"NRS18_MA_10013",1,0.890599076
"NRS18_MI_10052",1,0.757276667
"NRS18_CT_10018",1,1.059079165
"NRS18_NE_10018",1,0.669453488
"NRS18_IL_10020",1,0.979699672
"NRS18_WA_10065",1,1.099993651
"NRS18_WA_10017",1,1.151510955
"NRS18_WA_10010",1,0.918006459
"NRS18_CA_10343",1,1.169479634
"NRS18_MI_10047",1,1.11462426
"NRS18_NY_10033",1,0.6517029
"NRS18_NV_10001",1,0.83765639
"NRS18_WA_10044",1,0.909048627
"NRS18_MA_10182",1,0.609883308
"NRS18_IL_10011",1,0.566380797
"NRS18_NY_10036",1,0.665107945
"NRS18_IL_10364",1,1.124184335
"NRS18_OR_10016",1,1.11003052
"NRS18_VT_10006",2,1.084613235
"NRS18_NY_10015",1,0.373174595
"NRS18_ND_10054",1,1.239654428
"NRS18_KS_10033",1,1.020514568
"NRS18_NV_10002",2,0.562999872
"NRS18_WA_10519",1,1.103943046
"NRS18_IL_10971",1,1.171342953
"NRS18_MA_10003",1,0.252113644
"NRS18_WV_10010",2,0.991866538
"NRS18_MA_10019",1,0.404948393
"NRS18_ID_10001",1,1.082491462
"NRS18_OH_10012",2,0.864840876
"NRS18_WI_10029",1,1.056905616
"NRS18_WA_10060",1,1.017336069
"NRS18_WA_10360",1,1.497174651
"NRS18_WA_10018",1,1.193430151
"NRS18_WA_10032",1,1.211036918
"NRS18_DE_10005",1,0.94458219
"NRS18_OR_10015",1,0.977481382
"NRS18_KY_10001",2,0.712273439
"NRS18_KY_10020",1,0.237610653
"NRS18_WI_10001",2,1.066900894
"NRS18_ID_10016",1,0.636823179
"NRS18_RI_10018",1,0.539644411
"NRS18_RI_10019",1,0.827656327
"NRS18_NV_10012",2,1.034101536
"NRS18_WA_10013",2,1.048401505
"NRS18_WA_10016",1,0.799104017
"NRS18_MA_10014",1,0.745973876
"NRS18_WA_10006",1,0.407033701
"NRS18_WA_10034",1,0.633629974
"NRS18_IL_10012",1,0.754160697
"NRS18_RI_10183",1,0.442598106
"NRS18_IL_10024",1,0.360452477
"NRS18_WA_10212",1,0.734857297
"NRS18_RI_10194",1,0.514577854
"NRS18_CA_10056",1,0.52248832
"NRS18_AL_10007",1,0.385778477
"NRS18_AL_10002",1,0.283331133
"NRS18_NE_10029",1,0.762969461
"NRS18_UT_10008",1,0.481642928
"NRS18_KS_10005",1,0.955679322
"NRS18_SD_10003",1,0.972290181
"NRS18_NV_10638",1,0.788198253
"NRS18_WA_10014",2,1.40470621
"NRS18_RI_10003",1,0.248633388
"NRS18_PA_10020",1,0.924809772
"NRS18_NY_10035",1,0.683911805
"NRS18_AR_10010",1,0.391228325
"NRS18_NE_10021",1,0.50716552
"NRS18_GA_10001",2,0.782830193
"NRS18_AL_10016",1,0.37215851
"NRS18_ND_10023",1,0.995214732
"NRS18_IA_10019",1,0.570209633
"NRS18_IA_10042",1,0.950390902
"NRS18_OK_10923",1,1.425205277
"NRS18_WI_10243",1,1.363927473
"NRS18_TX_10013",1,0.753308079
"NRS18_CO_RF002",1,1.189718997
"NRS18_ID_10012",1,1.331046426
"NRS18_NV_10195",1,0.501465174
"NRS18_AR_10018",1,0.811504152
"NRS18_CA_10020",1,0.521872917
"NRS18_VT_10002",2,0.677164568
"NRS18_UT_10027",1,0.793611063
"NRS18_WA_10001",2,1.054875721
"NRS18_WA_10038",1,0.993947121
"NRS18_SD_10031",1,0.096385106
"NRS18_CA_10324",1,0.617023148
"NRS18_DE_10015",1,1.218060335
"NRS18_IA_RF001",1,1.10851511
"NRS18_CT_10008",1,0.688121805
"NRS18_WI_10043",1,1.070000453
"NRS18_VT_10023",2,0.957670549
"NRS18_NY_10027",1,0.992201512
"NRS18_AR_10006",1,1.009720953
"NRS18_NE_10026",1,0.253499415
"NRS18_TX_10056",1,0.826514072
"NRS18_AR_10190",1,0.875372619
"NRS18_ND_10001",1,1.407866216
"NRS18_UT_10015",1,1.026415857
"NRS18_GA_10011",2,0.808062709
"NRS18_PA_10002",1,0.790187356
"NRS18_NH_10002",1,0.977050725
"NRS18_IA_10035",1,1.047952365
"NRS18_NV_10026",1,0.890434479
"NRS18_CO_11276",1,0.601808405
"NRS18_CA_10352",1,1.267886151
"NRS18_WV_RF003",1,1.081592439
"NRS18_OK_10022",1,1.357639372
"NRS18_NY_10032",1,0.78549852
"NRS18_CO_RF001",1,0.979025794
"NRS18_VT_10001",1,1.168862606
"NRS18_PA_10006",1,0.950129301
"NRS18_ID_10019",1,1.025190255
"NRS18_ND_10013",1,0.633437468
"NRS18_LA_10008",1,0.9673048
"NRS18_NE_10020",1,0.644496185
"NRS18_AR_10040",1,0.735834345
"NRS18_TX_10025",1,0.615725524
"NRS18_WA_10037",1,0.773858833
"NRS18_WA_10002",2,0.705973621
"NRS18_WV_10002",2,0.447621849
"NRS18_CA_10028",1,0.646572917
"NRS18_PA_10016",1,0.217764941
"NRS18_OH_10037",1,0.592398421
"NRS18_NV_10009",1,0.637201689
"NRS18_RI_10197",1,0.793941266
"NRS18_AL_10009",1,0.465058618
"NRS18_AL_10010",1,0.38034257
"NRS18_AR_10026",1,0.39305158
"NRS18_CO_10028",1,0.483042958
"NRS18_AR_10004",1,0.718733182
"NRS18_IL_10044",1,1.1545259
"NRS18_AR_10008",1,1.130065987
"NRS18_OR_10016",2,0.999027468
"NRS18_MD_10019",1,0.578086241
"NRS18_CA_10030",1,0.684296619
"NRS18_UT_10026",1,0.848702028
"NRS18_IN_10026",1,1.28030607
"NRS18_AR_10025",1,0.56229047
"NRS18_WA_10025",1,0.999431281
"NRS18_TX_10068",1,0.285587051
"NRS18_IL_10027",1,0.191397668
"NRS18_NV_10014",1,0.64451471
"NRS18_CA_10021",1,1.187169892
"NRS18_OH_10011",2,0.666116227
"NRS18_KS_10125",1,0.937442167
"NRS18_PA_10035",1,0.773366617
"NRS18_MS_10001",1,0.343055964
"NRS18_MS_10002",1,0.559152336
"NRS18_NE_10008",1,1.15262761
"NRS18_ID_10001",2,1.159812281
"NRS18_OR_10015",2,1.052672257
"NRS18_CA_10788",1,0.609053889
"NRS18_SC_10007",2,0.13207956
"NRS18_NY_10007",1,0.273019024
"NRS18_IN_10347",1,1.078936517
"NRS18_CO_10825",1,1.060135267
"NRS18_UT_10434",1,0.831426292
"NRS18_AR_10016",1,0.306349742
"NRS18_SD_10010",1,0.653093059
"NRS18_NV_10001",2,0.83765639
"NRS18_DE_10008",1,0.917770353
"NRS18_PA_10068",1,0.390571626
"NRS18_ID_10016",2,0.636823179
"NRS18_NH_10004",1,0.666137121
"NRS18_TX_10005",1,1.251916483
"NRS18_MD_10002",1,0.699030191
"NRS18_CA_10016",1,0.259435134
"NRS18_NE_10049",1,0.885293512
"NRS18_FL_10035",1,0.674166176
"NRS18_IL_10016",1,0.773901563
"NRS18_CT_10036",1,0.641205017
"NRS18_SC_10479",1,0.817789193
"NRS18_IN_10021",1,1.25575808
"NRS18_NY_10019",1,0.514746435
"NRS18_AR_10191",1,0.906085279
"NRS18_AR_10039",1,0.800866355
"NRS18_NV_10013",1,0.971815059
"NRS18_SD_10015",1,0.778935831
"NRS18_OR_10059",1,0.548783009
"NRS18_NY_10061",1,0.399639225
"NRS18_MI_10531",1,1.301990958
"NRS18_WV_RF002",1,1.328548997
"NRS18_MD_10010",1,1.076000508
"NRS18_UT_10014",1,0.953850201
"NRS18_IN_10008",1,1.222430981
"NRS18_NE_10046",1,0.758485423
"NRS18_PA_10015",2,0.984866716
"NRS18_TN_10005",1,0.850272831
"NRS18_SC_10010",1,0.71616072
"NRS18_CO_10014",1,0.895123339
"NRS18_IN_10025",1,0.624165813
"NRS18_TX_10046",1,0.2036109
"NRS18_ID_10008",1,1.118010273
"NRS18_CO_10003",1,0.783785901
"NRS18_CO_10374",1,0.647871964
"NRS18_UT_10044",1,0.615647895
"NRS18_NV_10006",1,0.413578755
"NRS18_SC_10004",1,0.418109225
"NRS18_TN_10011",1,0.194132711
"NRS18_AR_10046",1,0.768673923
"NRS18_AR_10022",1,0.586089258
"NRS18_IL_10013",2,0.432736064
"NRS18_IL_10019",1,0.989181613
"NRS18_CO_10002",1,1.003493359
"NRS18_AR_10024",1,0.806844049
"NRS18_CO_11124",1,0.467118351
"NRS18_MA_10185",1,0.272191855
"NRS18_MT_10041",1,1.073842983
"NRS18_IL_10026",1,0.163368458
"NRS18_AR_10489",1,0.692954867
"NRS18_CO_10013",1,1.105794709
"NRS18_CO_10016",1,0.515128431
"NRS18_SC_10008",2,0.566779897
"NRS18_ND_10075",1,1.242944497
"NRS18_ID_10003",1,0.888741385
"NRS18_UT_10046",1,0.942781149
"NRS18_AR_10021",1,0.871453434
"NRS18_CO_10053",1,0.278341124
"NRS18_AR_10027",1,1.081491412
"NRS18_MS_10003",1,0.963846809
"NRS18_MS_10014",1,0.654457534
"NRS18_RI_10004",1,0.359962594
"NRS18_CO_10071",1,0.965803005
"NRS18_OR_10020",1,1.160810775
"NRS18_KS_10091",1,1.352845545
"NRS18_IL_10001",2,1.241145041
"NRS18_ID_10245",1,1.193465009
"NRS18_WI_10047",1,0.949905924
"NRS18_NE_10038",1,0.652882243
"NRS18_CO_10063",1,0.489162361
"NRS18_GA_10027",1,0.735211954
"NRS18_RI_10009",1,0.444598535
"NRS18_MS_10009",1,0.543499882
"NRS18_TX_10038",1,0.836377321
"NRS18_VT_10184",1,0.734002299
"NRS18_IL_10004",1,1.182953418
"NRS18_SD_10023",1,0.427593407
"NRS18_AR_10007",1,1.133168399
"NRS18_CA_10389",1,1.05548793
"NRS18_VT_10008",1,1.153335666
"NRS18_ID_10842",1,0.958340185
"NRS18_NE_10034",1,0.8297111
"NRS18_WI_10004",1,1.066391791
"NRS18_ND_10019",1,1.242824976
"NRS18_MA_10007",1,0.135872587
"NRS18_TX_10040",1,0.559178292
"NRS18_MS_10012",1,0.124000419
"NRS18_CO_11278",1,0.650679069
"NRS18_AR_10002",2,0.391228325
"NRS18_AR_10010",2,0.586842487
"NRS18_MO_10014",1,0.194893783
"NRS18_OK_10019",1,1.323252237
"NRS18_NH_10020",1,0.582674988
"NRS18_KY_10026",1,0.771109569
"NRS18_FL_10009",1,0.52923067
"NRS18_CO_10050",1,0.39119225
"NRS18_MO_10013",1,0.992561344
"NRS18_ND_10011",1,1.245465451
"NRS18_NE_10037",1,1.167749274
"NRS18_RI_10017",1,0.752359484
"NRS18_OR_10004",1,1.086547583
"NRS18_OR_10007",1,1.084012841
"NRS18_CO_11725",1,0.89997982
"NRS18_IL_10033",1,0.937909274
"NRS18_MN_RF002",1,0.817846604
"NRS18_OH_10037",2,0.518348618
"NRS18_PA_10002",2,0.646516928
"NRS18_PA_10016",2,0.508118195
"NRS18_TX_10039",1,0.780883114
"NRS18_AR_10192",1,0.494082058
"NRS18_IL_10015",1,0.764629661
"NRS18_MI_10022",1,0.967675054
"NRS18_CO_10021",1,0.373644995
"NRS18_CO_10033",1,0.49477066
"NRS18_RI_10192",1,0.210089755
"NRS18_GA_10022",1,0.573272456
"NRS18_CO_10070",1,0.498270615
"NRS18_CO_10024",1,1.005706413
"NRS18_SC_10020",1,0.493782819
"NRS18_AR_10034",1,0.780940811
"NRS18_MA_10006",1,0.676105475
"NRS18_WI_10007",1,1.226472189
"NRS18_RI_10008",1,0.641760421
"NRS18_IN_10013",1,0.895578499
"NRS18_CO_10523",1,0.256089438
"NRS18_MO_10027",1,0.604575025
"NRS18_CO_10011",1,0.503888137
"NRS18_SC_10781",1,0.501548445
"NRS18_OH_10009",1,0.372497482
"NRS18_NH_10007",1,0.802598146
"NRS18_CO_10975",1,0.125226713
"NRS18_MI_10005",1,0.957430565
"NRS18_VT_10001",2,1.266267823
"NRS18_ND_10004",1,1.028989914
"NRS18_NY_10038",1,0.862958117
"NRS18_NE_10009",1,0.670761776
"NRS18_IN_10010",1,1.122364696
"NRS18_OH_10032",1,0.869232408
"NRS18_CO_10046",1,1.306308793
"NRS18_SC_10012",1,0.368856218
"NRS18_MO_10009",1,0.195031149
"NRS18_OK_10007",1,0.697276366
"NRS18_CT_10006",1,1.088109342
"NRS18_OK_10009",1,0.557821093
"NRS18_OR_10002",1,1.080530812
"NRS18_NY_10026",1,0.268413888
"NRS18_VT_10015",1,0.881322981
"NRS18_IN_10001",1,1.15583404
"NRS18_WA_10522",1,1.220100004
"NRS18_WA_10008",1,0.383917565
"NRS18_WA_10024",1,0.23705913
"NRS18_WA_10026",1,0.480003134
"NRS18_WA_10040",1,0.118668974
"NRS18_WA_10039",1,0.355675344
"NRS18_NE_10024",1,0.941909079
"NRS18_PA_10005",1,1.035515723
"NRS18_TN_10002",1,0.412325824
"NRS18_WI_10035",1,1.264641399
"NRS18_WI_10066",1,1.419923122
"NRS18_VA_10003",1,0.814602737
"NRS18_CO_10020",1,0.62964389
"NRS18_OH_10019",1,0.521454266
"NRS18_SC_10005",1,0
"NRS18_MO_10040",1,1.131072702
"NRS18_SD_10029",1,1.135931044
"NRS18_CO_10009",1,0.720878135
"NRS18_NJ_10019",1,0.605488495
"NRS18_ID_10057",1,1.287564891
"NRS18_ID_10095",1,0.862957774
"NRS18_ID_10280",1,0.870729969
"NRS18_VT_10013",1,0.717040185
"NRS18_TX_10004",1,0.75220487
"NRS18_TX_10035",1,0.787368533
"NRS18_NY_10014",1,0.676904963
"NRS18_TN_10016",1,0.141642654
"NRS18_OR_10011",1,1.070346867
"NRS18_IN_10008",2,1.222430981
"NRS18_ND_10001",2,1.525188401
"NRS18_PA_10017",1,0.880890343
"NRS18_CO_10974",1,0
"NRS18_MA_10011",1,1.024998267
"NRS18_CO_11423",1,0.810238525
"NRS18_OH_10034",1,0.445101617
"NRS18_SD_10018",1,1.316426744
"NRS18_OH_10020",1,1.182611763
"NRS18_OH_10035",1,0.387908887
"NRS18_IN_10005",1,0.809861729
"NRS18_CT_10030",1,1.377750743
"NRS18_NH_10002",2,1.052208474
"NRS18_SC_10180",1,0.232836176
"NRS18_WI_10543",1,1.209244395
"NRS18_FL_10008",1,0.588841902
"NRS18_TN_10007",1,0.2125044
"NRS18_CO_11424",1,1.05481345
"NRS18_TX_10011",1,0.778574818
"NRS18_RI_10022",1,0.344495492
"NRS18_MA_10017",1,0.516292632
"NRS18_CO_10010",1,1.062057246
"NRS18_TX_10010",1,1.070356393
"NRS18_AL_10022",1,0.713650535
"NRS18_RI_10001",1,0.65885481
"NRS18_VA_10005",1,1.026615029
"NRS18_MD_10005",1,0.784614507
"NRS18_ND_10008",1,0.85426391
"NRS18_CO_11274",1,0.600132225
"NRS18_CO_10004",1,0.910620268
"NRS18_OK_10921",1,0.353511061
"NRS18_CO_10012",1,0.702113917
"NRS18_KS_10040",1,1.006366329
"NRS18_TX_10026",1,0.919171939
"NRS18_PA_10012",1,0.869529629
"NRS18_PA_10007",1,1.050579521
"NRS18_WI_10401",1,1.299175555
"NRS18_CA_10018",1,0.472049066
"NRS18_ND_10005",1,0.374975514
"NRS18_NE_10025",1,0.112029151
"NRS18_VA_10002",1,1.057360211
"NRS18_AL_10005",1,0.330441228
"NRS18_CT_10002",1,0.883407326
"NRS18_OR_10054",1,1.129642004
"NRS18_OK_10026",1,0.700151166
"NRS18_IL_10031",1,0.615870129
"NRS18_SD_10024",1,0.766953801
"NRS18_DE_10005",2,0.839628613
"NRS18_NY_10018",1,0.870079324
"NRS18_CO_10013",2,0.975701214
"NRS18_ID_10049",1,0.596219851
"NRS18_MD_10015",1,0.972625739
"NRS18_MD_10003",1,0.519798133
"NRS18_KS_10140",1,0.962152838
"NRS18_PA_10023",1,1.270894187
"NRS18_AL_10010",2,0.38034257
"NRS18_AR_10009",1,0.578932222
"NRS18_CT_10017",1,0.456542336
"NRS18_OK_10036",1,0.836918213
"NRS18_FL_10042",1,0.971632018
"NRS18_CT_10004",1,0.925107125
"NRS18_OR_10022",1,1.417259806
"NRS18_GA_10004",1,0.972575925
"NRS18_CO_10061",1,0.812627288
"NRS18_IL_10042",1,0.882178529
"NRS18_VA_RF005",1,1.24775977
"NRS18_SD_10034",1,0.966380672
"NRS18_OH_10008",1,1.298771214
"NRS18_ND_10035",1,0.914467493
"NRS18_CA_10020",2,0.260936458
"NRS18_CA_10055",1,0.23719579
"NRS18_MD_10014",1,0.863987453
"NRS18_AL_10019",1,0.252680135
"NRS18_OR_10071",1,1.083322207
"NRS18_PA_10032",1,0.71913657
"NRS18_VT_10018",1,0.907940815
"NRS18_RI_10006",1,0.871835104
"NRS18_VT_10009",1,0.830419565
"NRS18_VT_10012",1,0.915438267
"NRS18_AR_10014",1,0.883730857
"NRS18_IL_10037",1,0.424828481
"NRS18_PA_10019",1,0.858799418
"NRS18_WI_10046",1,1.406590888
"NRS18_WI_10263",1,0.74790325
"NRS18_UT_10435",1,1.151029819
"NRS18_TX_10036",1,1.037825224
"NRS18_ID_10042",1,0.63557266
"NRS18_FL_10012",1,0.804470968
"NRS18_AR_10015",1,1.091452496
"NRS18_AL_10009",2,0.387548848
"NRS18_RI_10199",1,0.562998544
"NRS18_CO_10026",1,0.955816476
"NRS18_CO_10002",2,0.55749631
"NRS18_CO_10003",2,0.609611256
"NRS18_AR_10001",1,0.853073552
"NRS18_IL_11563",1,0.741264621
"NRS18_CO_10055",1,1.000354746
"NRS18_CO_10005",1,0.957134956
"NRS18_TX_10050",1,1.331726155
"NRS18_MS_10002",2,0.372768224
"NRS18_NJ_10001",1,0.579758884
"NRS18_NE_10004",1,0.883737648
"NRS18_IL_10036",1,0.678891361
"NRS18_OR_10002",2,0.982300738
"NRS18_CO_10014",2,0.559452087
"NRS18_CO_10977",1,0.990789661
"NRS18_MD_10008",1,0.799480376
"NRS18_VT_10017",1,1.182011459
"NRS18_NH_10019",1,0.306171136
"NRS18_TX_10023",1,0.725468184
"NRS18_ND_10011",2,1.141676664
"NRS18_CO_10034",1,1.172446088
"NRS18_WI_10003",1,1.203943004
"NRS18_NC_RF001",1,1.008749277
"NRS18_MS_10001",2,1.029167893
"NRS18_SD_10058",1,1.108955923
"NRS18_NJ_10334",1,0.253440477
"NRS18_UT_10032",1,1.153656424
"NRS18_DE_10033",1,0.917863056
"NRS18_ID_10992",1,0.904045079
"NRS18_ID_10026",1,0.955339212
"NRS18_ID_10028",1,1.018732895
"NRS18_WI_10008",1,1.341317257
"NRS18_CT_10003",1,0.699740088
"NRS18_TX_10006",1,1.154088636
"NRS18_NE_10028",1,0.784574524
"NRS18_NE_10057",1,0.559246227
"NRS18_MS_10009",2,0.698785562
"NRS18_AL_10014",1,0.501309648
"NRS18_MO_10035",1,1.323692857
"NRS18_CO_10042",1,1.030836993
"NRS18_FL_10003",1,0.616511567
"NRS18_MO_10012",1,1.283666096
"NRS18_CO_10017",1,1.289811326
"NRS18_NC_RF002",1,0.987594778
"NRS18_OR_10670",1,0.886332204
"NRS18_VA_10014",1,1.097605928
"NRS18_MS_10007",1,0.18726264
"NRS18_WI_RF001",1,1.395111507
"NRS18_MO_10030",1,0.719285853
"NRS18_NE_10006",1,0.769204263
"NRS18_OR_10819",1,1.104728481
"NRS18_ID_10010",1,0.670419561
"NRS18_WY_10003",1,0.574342144
"NRS18_WY_10010",1,0
"NRS18_FL_10004",1,0.582604691
"NRS18_MO_10041",1,0.659205134
"NRS18_NE_10007",1,0.996636447
"NRS18_OH_10026",1,0.438080907
"NRS18_OH_10015",1,0.7090581
"NRS18_PA_10008",1,0.669296628
"NRS18_OH_10025",1,0.967236587
"NRS18_MO_10013",2,1.24070168
"NRS18_WY_12048",1,0.929623882
"NRS18_WY_11912",1,0.587371507
"NRS18_MO_10023",1,0.696356485
"NRS18_WY_10069",1,1.271817274
"NRS18_MO_10020",1,0.812946937
"NRS18_WI_10040",1,0.939540096
"NRS18_IL_10008",1,0.311272136
"NRS18_MO_10024",1,0.103714955
"NRS18_MO_10042",1,0.1037819
"NRS18_MO_10025",1,0.1037819
"NRS18_MO_10014",2,0.487234457
"NRS18_MO_10008",1,0
"NRS18_OR_10023",1,0.218170073
"NRS18_NC_10030",1,0.39311943
"NRS18_MO_10002",2,0.671772747
"NRS18_VA_10001",1,0.768711744
"NRS18_GA_10006",1,1.03117322
"NRS18_WY_10697",1,1.047391325
"NRS18_WY_10084",1,1.032045959
"NRS18_WI_10041",1,1.021554138
"NRS18_KS_10087",1,0.351571245
"NRS18_MO_10003",1,0.627146033
"NRS18_OR_10068",1,1.053007122
"NRS18_WY_11903",1,1.073188554
"NRS18_TX_10019",1,0.766977424
"NRS18_UT_10009",2,0.387154321
"NRS18_CO_11425",1,0.585094931
"NRS18_MA_10005",1,0.775119853
"NRS18_MA_10006",2,0.676105475
"NRS18_RI_10002",1,0.484320579
"NRS18_WY_10016",1,0.979043787
"NRS18_DE_10010",1,0.873458594
"NRS18_WY_10004",1,0.855919881
"NRS18_WI_10080",1,0.974425228
"NRS18_IL_10002",2,0.556085486
"NRS18_IL_10025",1,0.080098909
"NRS18_TX_10003",1,0.981771379
"NRS18_OR_10028",1,0.658402351
"NRS18_MO_10019",1,0.955077643
"NRS18_RI_10020",1,0.661382458
"NRS18_VA_RF004",1,1.025508773
"NRS18_WI_10032",1,1.241324192
"NRS18_VT_10005",1,1.382412877
"NRS18_MI_10013",1,0.730185102
"NRS18_FL_10333",1,0.410049977
"NRS18_WY_10027",1,0.913850849
"NRS18_NH_10007",2,1.203897219
"NRS18_RI_10006",2,1.017140955
"NRS18_UT_10282",1,1.080933832
"NRS18_VA_RF008",1,1.201667111
"NRS18_VA_10021",1,1.256552967
"NRS18_GA_10025",1,0.701445182
"NRS18_WY_11306",1,0.977121459
"NRS18_MI_10001",1,1.176068946
"NRS18_TX_10034",1,0.281555145
"NRS18_WY_10035",1,0.339335377
"NRS18_WY_11896",1,0.685266758
"NRS18_WY_11908",1,0.685266758
"NRS18_CT_10002",2,0.957024603
"NRS18_ID_10011",1,0.332392347
"NRS18_ID_10035",1,1.202021198
"NRS18_MO_10031",1,0.599261881
"NRS18_MO_10021",1,0.673906856
"NRS18_CT_10006",2,1.027658823
"NRS18_MO_10010",1,0.743090631
"NRS18_WI_10021",1,1.275117153
"NRS18_WY_10029",1,1.143112117
"NRS18_WY_10701",1,0.36679092
"NRS18_OK_10005",1,1.264338463
"NRS18_IN_10003",1,0.271159293
"NRS18_WY_10090",1,0.887567389
"NRS18_WY_10076",1,1.228255384
"NRS18_WY_10014",1,1.148883143
"NRS18_VA_10002",2,1.13288594
"NRS18_WY_10068",1,1.228172842
"NRS18_MO_10001",1,0.655494185
"NRS18_KS_10015",1,1.052909635
"NRS18_IL_11565",1,0.956193682
"NRS18_MA_10009",1,1.069115652
"NRS18_ID_10023",1,0.674272633
"NRS18_FL_10011",1,0.902186582
"NRS18_TX_10073",1,0.952376457
"NRS18_RI_10001",2,0.419271243
"NRS18_MO_10038",1,1.273111004
"NRS18_NY_10022",1,0.757007307
"NRS18_IN_10498",1,0.477403418
"NRS18_KS_10006",1,0.892682871
"NRS18_WY_12347",1,0.890511559
"NRS18_MI_10042",1,1.095213883
"NRS18_CO_RF003",1,0.961114966
"NRS18_CO_RF005",1,0.951516046
"NRS18_WY_10696",1,0.921958765
"NRS18_IN_10053",1,0.591071778
"NRS18_TN_10002",2,0.412325824
"NRS18_MI_10032",1,0.608275695
"NRS18_TX_10077",1,0.570889256
"NRS18_NY_10002",1,0.890325968
"NRS18_MA_10008",1,0.478590332
"NRS18_WV_10181",1,0.704702232
"NRS18_NH_10011",1,1.06643295
"NRS18_SD_10019",1,0.81281442
"NRS18_SD_10035",1,0.677604461
"NRS18_CO_RF004",1,1.121234375
"NRS18_WY_10015",1,0.793103532
"NRS18_OK_10920",1,0.870466367
"NRS18_TX_10048",1,0.571126231
"NRS18_NY_10066",1,0.833613607
"NRS18_RI_10005",1,0.761601179
"NRS18_PA_10042",1,0.977423799
"NRS18_PA_10014",1,0.971014796
"NRS18_IN_10001",2,0.924667232
"NRS18_TN_10001",2,1.146393392
"NRS18_NE_10013",1,0.781378891
"NRS18_SC_RF001",1,0.727955593
"NRS18_ID_10080",1,0.766393249
"NRS18_PA_10039",1,0.802840894
"NRS18_TN_10010",2,0.50129938
"NRS18_MO_10034",1,0.857004047
"NRS18_WY_10085",1,0.90845061
"NRS18_WY_12197",1,1.294289491
"NRS18_WY_12046",1,0.825907526
"NRS18_WY_10089",1,0.954238695
"NRS18_WV_10013",1,0.666257883
"NRS18_RI_10201",1,0.896150627
"NRS18_WY_10065",1,0.516187374
"NRS18_WY_10845",1,0.645722191
"NRS18_WY_10073",1,0.786342646
"NRS18_CT_10032",1,0.75913997
"NRS18_CA_10012",1,0.508195894
"NRS18_SD_10045",1,1.406541473
"NRS18_TN_11090",1,0.500572004
"NRS18_WY_11299",1,0.994570093
"NRS18_KS_10001",1,1.531173739
"NRS18_CO_10224",1,0.928562386
"NRS18_TX_10014",1,0.460254604
"NRS18_CA_10795",1,0.254184842
"NRS18_GA_10005",1,0.506280512
"NRS18_SD_10021",1,1.278674066
"NRS18_TN_10008",1,0.330275931
"NRS18_NY_10041",1,1.024711986
"NRS18_NJ_10002",1,0.868598538
"NRS18_UT_10032",2,0.971500146
"NRS18_MD_10002",2,0.932040255
"NRS18_NY_10020",1,0.94782354
"NRS18_WY_10010",2,0
"NRS18_WY_10071",1,1.018028207
"NRS18_TN_10019",1,0.677969973
"NRS18_CT_10009",1,0.84405949
"NRS18_OR_10006",1,1.11437701
"NRS18_ME_10017",1,0.559688849
"NRS18_MI_10001",2,0.940855157
"NRS18_TX_10080",1,0.878990896
"NRS18_ID_10021",1,1.270727697
"NRS18_NY_10021",1,0.338234587
"NRS18_NY_10064",1,0.68575774
"NRS18_MA_10016",1,0.463493971
"NRS18_TN_10009",2,1.113662615
"NRS18_MA_10005",2,0.357747625
"NRS18_AR_10001",2,0.767766197
"NRS18_GA_10014",1,0.856043845
"NRS18_WY_10021",1,0.660507977
"NRS18_WY_10069",2,0.972566151
"NRS18_RI_10002",2,0.345943271
"NRS18_WI_10113",1,0.649120708
"NRS18_OH_10021",1,0.750763687
"NRS18_IA_10016",1,0.537710165
"NRS18_WA_10023",1,1.186491636
"NRS18_SD_10057",1,1.177313573
"NRS18_MI_10039",1,0.764893068
"NRS18_SD_10041",1,0.695059654
"NRS18_IA_10001",1,1.000275669
"NRS18_WI_10541",1,1.298483951
"NRS18_NC_10023",1,0.948198839
"NRS18_MO_10001",2,0.983241278
"NRS18_RI_10005",2,0.707201095
"NRS18_OH_10022",1,0.409868557
"NRS18_SD_10053",1,1.122630892
"NRS18_WY_10026",1,0.918926588
"NRS18_FL_10037",1,0.554396882
"NRS18_CT_10001",2,0.963321473
"NRS18_MO_10029",1,0.987123406
"NRS18_MI_10008",1,1.32171608
"NRS18_MO_10026",1,0.937933334
"NRS18_VA_10013",1,1.133390144
"NRS18_TN_11089",1,0.399583825
"NRS18_TX_10445",1,0.728502601
"NRS18_TX_10021",1,1.141600794
"NRS18_NE_10012",1,0.674963833
"NRS18_WA_10029",1,0.738194052
"NRS18_IA_10656",1,0.860440293
"NRS18_PA_10218",1,0.619652095
"NRS18_SD_10014",1,0.991445675
"NRS18_WY_11151",1,0.801906602
"NRS18_KY_10033",1,0.635521546
"NRS18_KY_10032",1,0.160668797
"NRS18_MD_10007",1,1.119759642
"NRS18_SD_10060",1,0.638547946
"NRS18_MI_10231",1,0.888636885
"NRS18_ND_10026",1,0.883552352
"NRS18_WI_10569",1,0.763515694
"NRS18_WI_10050",1,0.987337689
"NRS18_AL_10023",1,0.370206141
"NRS18_IA_10004",1,0.979116768
"NRS18_PA_10018",1,1.003026371
"NRS18_WY_10078",1,1.003210444
"NRS18_WY_11746",1,0.558501617
"NRS18_TX_10042",1,0.925580079
"NRS18_AL_10002",2,0.566662265
"NRS18_MO_10665",1,1.13395879
"NRS18_MO_10039",1,0.972344295
"NRS18_IA_10034",1,0.823384782
"NRS18_MO_10051",1,0.763017309
"NRS18_MO_10361",1,1.160935122
"NRS18_NY_10549",1,1.073219593
"NRS18_IL_10035",1,0.625130591
"NRS18_MO_11111",1,1.044405379
"NRS18_WY_10011",1,0.800527406
"NRS18_MI_10044",1,1.237805893
"NRS18_ND_10031",1,1.228671806
"NRS18_WI_10049",1,0.754373834
"NRS18_IL_10023",1,0.859063024
"NRS18_MS_10022",1,0.202683139
"NRS18_NJ_10007",1,0.075742222
"NRS18_NJ_11083",1,0.370018619
"NRS18_KS_10137",1,1.111929921
"NRS18_WY_10052",1,1.30041339
"NRS18_WY_11308",1,1.453491586
"NRS18_IL_10022",1,1.383399391
"NRS18_AR_10009",2,0.81050511
"NRS18_MI_10040",1,0.560685891
"NRS18_MI_10030",1,0.924804009
"NRS18_OH_10028",1,0.854128598
"NRS18_OH_10024",1,1.038829348
"NRS18_MS_10021",1,0.703524024
"NRS18_NJ_10001",2,0.644176538
"NRS18_SD_10012",1,0.598442875
"NRS18_OR_10035",1,0.845768274
"NRS18_WY_10022",1,1.300335092
"NRS18_AL_RF001",1,0.952634482
"NRS18_WI_10051",1,1.133454348
"NRS18_ND_10007",1,0.954074837
"NRS18_MO_10213",1,0.665754454
"NRS18_MS_10020",1,0.797611113
"NRS18_OH_10007",1,0.221732709
"NRS18_GA_10023",1,1.108953731
"NRS18_NJ_10002",2,0.394817517
"NRS18_NY_10065",1,0.285991446
"NRS18_IL_10968",1,0.716249001
"NRS18_SD_10026",1,0.66278925
"NRS18_MI_10041",1,1.461959092
"NRS18_TX_10022",1,1.213250133
"NRS18_TX_10007",1,0.560040763
"NRS18_MD_10005",2,0.697435118
"NRS18_OR_10024",1,0.377826401
"NRS18_MS_10006",1,0.797599261
"NRS18_VA_10001",2,0.419297315
"NRS18_MO_10006",1,1.12086709
"NRS18_GA_10016",1,0.937465094
"NRS18_IL_10040",1,1.03857535
"NRS18_OH_10004",1,0.873089871
"NRS18_NE_10013",2,0.446502223
"NRS18_SD_10004",1,1.271021885
"NRS18_WY_11145",1,0.744851519
"NRS18_WY_10546",1,0.307897082
"NRS18_CT_10037",1,1.028091449
"NRS18_FL_10017",1,0.454591858
"NRS18_MO_10004",1,1.023760479
"NRS18_OH_10038",1,1.062169203
"NRS18_AL_10020",1,1.079630744
"NRS18_NY_10021",2,0.541175339
"NRS18_NJ_10013",1,0.824846487
"NRS18_VA_10011",1,0.767259765
"NRS18_MO_10053",1,0.808215403
"NRS18_MO_10055",1,0.878946546
"NRS18_MN_10063",1,1.120255936
"NRS18_MO_10033",1,0.804738449
"NRS18_MN_10066",1,0.914437873
"NRS18_WY_11747",1,0.530169548
"NRS18_WY_10060",1,0.833139334
"NRS18_IA_10024",1,1.03318936
"NRS18_MO_10812",1,1.01021824
"NRS18_WI_10017",1,0.899199774
"NRS18_MD_10013",1,0.742145582
"NRS18_KS_10001",2,1.421804187
"NRS18_MN_10033",1,0.740751369
"NRS18_MO_10214",1,0.539226891
"NRS18_WI_10542",1,1.302566919
"NRS18_GA_RF001",1,1.201776701
"NRS18_MN_10013",1,1.329263378
"NRS18_MO_10362",1,1.090618079
"NRS18_MI_10062",1,0.127883163
"NRS18_IA_10001",2,0.875241211
"NRS18_TX_10002",1,0.588374252
"NRS18_FL_RF001",1,1.242854309
"NRS18_MN_10071",1,0.954857389
"NRS18_WI_10245",1,0.955721243
"NRS18_VA_10015",1,1.32317329
"NRS18_NE_10042",1,0.739038406
"NRS18_MI_10013",2,0.892448457
"NRS18_SD_10014",2,0.881285045
"NRS18_WI_10022",1,0.760997222
"NRS18_NE_10011",1,0.527047459
"NRS18_PA_10217",1,1.126122042
"NRS18_OR_10519",1,1.252449365
"NRS18_OR_10231",1,0.832140532
"NRS18_MO_10037",1,1.042321304
"NRS18_WI_10083",1,1.058244038
"NRS18_WI_10324",1,0.939566746
"NRS18_VA_10022",1,0.996566554
"NRS18_VA_10006",1,1.326784458
"NRS18_AZ_10011",1,0.652086308
"NRS18_AZ_10001",1,0.557473874
"NRS18_NM_10007",1,1.171319566
"NRS18_NM_10645",1,0.964284901
"NRS18_AZ_10010",1,0.548338588
"NRS18_AZ_10021",1,0.652327165
"NRS18_AZ_10006",1,0.690578786
"NRS18_NM_10001",1,1.208562375
"NRS18_NM_10038",1,0.671783199
"NRS18_NM_10511",1,0.771102395
"NRS18_AZ_10002",1,0.712695866
"NRS18_AZ_12837",1,0.713175479
"NRS18_AZ_10016",1,0.8477079
"NRS18_TX_10024",1,0.147844768
"NRS18_AZ_10007",1,0.509837875
"NRS18_NV_10004",1,0.717968729
"NRS18_AZ_10020",1,0.410267845
"NRS18_NM_10968",1,1.523291285
"NRS18_NM_10507",1,1.134725821
"NRS18_TX_10074",1,0.861307656
"NRS18_TX_10079",1,0.923389998
"NRS18_NM_11409",1,1.096732977
"NRS18_NM_11401",1,1.099968843
"NRS18_AZ_12038",1,0.654119343
"NRS18_AZ_10012",1,0.641604587
"NRS18_NM_10014",1,0.737576198
"NRS18_NM_11246",1,0.472000545
"NRS18_AZ_10027",1,0.824143281
"NRS18_AZ_10013",1,0.811086941
"NRS18_TX_10041",1,1.365545435
"NRS18_NM_10809",1,0.88764798
"NRS18_AZ_12037",1,0.999701152
"NRS18_NM_10035",1,1.176079799
"NRS18_AZ_10014",1,0.443144779
"NRS18_AZ_10004",1,0.44422145
"NRS18_AZ_10005",1,0.73839487
"NRS18_NM_11545",1,1.270259629
"NRS18_AZ_10457",1,0.403246538
"NRS18_AZ_10024",1,0.821586198
"NRS18_AZ_10843",1,0.549882066
"NRS18_AZ_12844",1,0.568313839
"NRS18_NM_11094",1,1.167708215
"NRS18_AZ_10003",1,0.904647346
"NRS18_NM_11437",1,1.036868855
"NRS18_AZ_10456",1,0.759290647
"NRS18_NM_11434",1,0.634942803
"NRS18_AZ_10015",1,0.487923617
"NRS18_AZ_10008",1,0.466347131
"NRS18_AZ_10009",1,0.800679852
"NRS18_TX_11093",1,0.374050099
"NRS18_NM_10001",2,1.294888259
"NRS18_NM_11401",2,1.099968843
"NRS18_NM_11409",2,1.096732977
"NRS18_TX_11224",1,0.322407081
"NRS18_TX_11086",1,0.401704914
"NRS18_TX_11101",1,0.30209189
"NRS18_NM_10397",1,0.83126667
"NRS18_NM_11701",1,0.901700263
"NRS18_TX_11369",1,1.077544806
"NRS18_TX_11330",1,0.826309996
"NRS18_NM_10013",1,0.603822975
"NRS18_TX_11028",1,0.940035928
"NRS18_NM_10042",1,1.160975814
"NRS18_TX_11270",1,1.135868248
"NRS18_NM_10381",1,0.137366787
"NRS18_NM_10031",1,0.879462619
"NRS18_TX_10887",1,0.909868064
"NRS18_NM_10007",2,1.171319566
"NRS18_NM_10003",1,1.137631936
"NRS18_NM_10805",1,0.238665794
"NRS18_NM_11002",1,1.176616535
"NRS18_GA_10057",1,0.276894759
"NRS18_NM_10951",1,0.541974332
"NRS18_GA_10036",1,1.087122518
"NRS18_TX_10017",1,0.277137739
"NRS18_NM_10019",1,1.076379563
"NRS18_TX_11185",1,0.283265055
"NRS18_TX_11144",1,0.189815038
"NRS18_SC_10332",1,0.41706596
"NRS18_KY_10012",1,1.000171072
"NRS18_NM_10947",1,1.140161284
"NRS18_SC_10017",1,1.221734251
"NRS18_NM_10002",1,0.518698902
"NRS18_NC_10012",1,0.447627914
"NRS18_VA_10004",1,0.558227772
"NRS18_PA_10003",1,0.23506969
"NRS18_NY_10250",1,0.513394384
"NRS18_VT_10003",1,1.096824966
"NRS18_VT_RF001",1,0.824565083
"NRS18_MN_10253",1,1.101392304
"NRS18_KY_10002",1,0.289334394
"NRS18_AL_11088",1,0.461102472
"NRS18_GA_10002",1,0.895519196
"NRS18_OR_10013",1,1.335233904
"NRS18_SC_10001",1,1.14821509
"NRS18_TX_10987",1,0.30178899
"NRS18_MN_10038",1,0.969055501
"NRS18_NM_10008",1,0.377194775
"NRS18_MN_10022",1,0.458601332
"NRS18_OK_11427",1,0.286614887
"NRS18_WV_10005",1,1.091702391
"NRS18_NY_10700",1,1.010140097
"NRS18_SC_10002",1,1.127437926
"NRS18_KY_10027",1,0.993501691
"NRS18_MN_10005",1,0.981380857
"NRS18_GA_10026",1,1.207091872
"NRS18_CA_10247",1,0.607817112
"NRS18_AL_10004",1,0.583324989
"NRS18_OR_10968",1,0.589317787
"NRS18_TX_11022",1,1.003674613
"NRS18_NC_10037",1,0.545614842
"NRS18_VT_10004",1,1.073658735
"NRS18_MI_10025",1,1.120840798
"NRS18_KY_10023",1,0.249355501
"NRS18_GA_10008",1,0.761809666
"NRS18_NY_10063",1,0.678924397
"NRS18_MN_10026",1,1.194462258
"NRS18_OR_10009",1,1.233841235
"NRS18_IA_10020",1,0.876559076
"NRS18_KY_10029",1,0.827328977
"NRS18_OH_10010",1,0.904770029
"NRS18_VA_10008",1,1.199595279
"NRS18_MI_10012",1,0.873047421
"NRS18_CO_10135",1,0.335802641
"NRS18_NM_11252",1,0.606551855
"NRS18_MN_10029",1,1.236447011
"NRS18_NY_10399",1,0.668364272
"NRS18_IA_10011",1,0.677886472
"NRS18_MN_10021",1,1.34308066
"NRS18_IA_10046",1,0.804519832
"NRS18_NY_10054",1,0.81877198
"NRS18_MN_10061",1,0.930707395
"NRS18_WY_10039",1,0.423338209
"NRS18_NY_10039",1,0.544639516
"NRS18_MI_10009",1,0.961870987
"NRS18_MN_10014",1,1.141761717
"NRS18_MN_10044",1,1.069368149
"NRS18_NE_10041",1,0.738442827
"NRS18_OR_10817",1,1.086459704
"NRS18_TN_10040",1,0.441382305
"NRS18_IA_10005",1,0.950938584
"NRS18_OK_10046",1,0.602806553
"NRS18_VT_RF002",1,0.860395774
"NRS18_WY_10549",1,0.597791773
"NRS18_NC_10032",1,1.089448593
"NRS18_IA_10003",1,0.799016931
"NRS18_MN_10025",1,1.340297173
"NRS18_OK_10049",1,0.795384251
"NRS18_NE_10053",1,0.632210233
"NRS18_MN_10062",1,0.723215366
"NRS18_WV_10009",1,1.083587953
"NRS18_UT_10432",1,0.786310141
"NRS18_OH_10031",1,0.560105487
"NRS18_NH_10014",1,0.714695331
"NRS18_WY_11452",1,0.831994532
"NRS18_SD_10094",1,0.772943662
"NRS18_MN_10030",1,0.997008883
"NRS18_OK_11579",1,0.965162359
"NRS18_TX_11175",1,0.367182855
"NRS18_VA_RF013",1,1.017750538
"NRS18_NE_11590",1,0.452725515
"NRS18_NE_11578",1,0.841000187
"NRS18_MN_10057",1,0.99488406
"NRS18_UT_10017",1,0.769058041
"NRS18_SC_10019",1,0.377199104
"NRS18_TN_10340",1,1.107947509
"NRS18_TN_10339",1,0.711882533
"NRS18_WY_11453",1,0.932446229
"NRS18_OH_10658",1,0.661815181
"NRS18_VT_10014",1,0.673184966
"NRS18_SD_10694",1,0.500665277
"NRS18_NC_10111",1,0.801214792
"NRS18_SC_10009",1,0.433526495
"NRS18_WV_10019",1,1.088626263
"NRS18_VA_RF011",1,1.178098237
"NRS18_WI_10054",1,0.969148528
"NRS18_MN_10039",1,0.852043874
"NRS18_UT_10013",1,0.923505651
"NRS18_NH_10016",1,0.793030027
"NRS18_SC_10034",1,0.92342622
"NRS18_MN_10058",1,1.27533984
"NRS18_CA_10025",1,0.300202453
"NRS18_MN_10553",1,1.363669646
"NRS18_WY_10251",1,1.2231603
"NRS18_TX_10988",1,0.760145835
"NRS18_TN_10023",1,1.034902933
"NRS18_MN_10012",1,0.740377098
"NRS18_SC_10779",1,0.512737545
"NRS18_MN_10060",1,1.209164851
"NRS18_OR_11118",1,1.039650786
"NRS18_NC_10009",1,0.932018942
"NRS18_WY_11906",1,1.052673772
"NRS18_WY_11305",1,1.454869967
"NRS18_WY_11316",1,1.102346232
"NRS18_MD_10001",1,1.42287001
"NRS18_MN_10009",1,1.205236322
"NRS18_WI_10028",1,0.897760154
"NRS18_KY_10003",1,0.608001554
"NRS18_SC_10003",1,0.56588032
"NRS18_MN_10007",1,1.00057591
"NRS18_WY_11301",1,0.670274548
"NRS18_NE_10058",1,0.698176514
"NRS18_AL_RF002",1,0.90545397
"NRS18_OK_10024",1,1.007816387
"NRS18_MN_10010",1,1.093591345
"NRS18_FL_RF002",1,1.275297568
"NRS18_OK_10040",1,0.861554503
"NRS18_KY_10004",1,1.028242334
"NRS18_NH_10012",1,0.719749586
"NRS18_MI_10017",1,0.654596032
"NRS18_TX_10017",2,0.184758493
"NRS18_CA_10015",1,0.730832739
"NRS18_CA_10049",1,0.456300252
"NRS18_PA_10034",1,0.908214418
"NRS18_CA_10007",1,0.798758136
"NRS18_SC_10001",2,1.059890852
"NRS18_SC_10002",2,0.901950341
"NRS18_ID_10053",1,0.994983017
"NRS18_WV_RF004",1,1.149955142
"NRS18_CA_10019",1,0.8544519
"NRS18_MN_10018",1,0.65818489
"NRS18_NC_10645",1,1.066164894
"NRS18_WI_10048",1,1.1737812
"NRS18_CA_10094",1,0.74776807
"NRS18_FL_RF003",1,0.378696161
"NRS18_KY_10016",1,1.126196825
"NRS18_FL_10010",1,1.397848989
"NRS18_WY_10034",1,0.886438356
"NRS18_WY_11315",1,0.918829176
"NRS18_NH_10008",1,0.793594726
"NRS18_MN_10050",1,1.216456501
"NRS18_MN_10067",1,0.953376962
"NRS18_WV_10008",1,0.887599365
"NRS18_WI_10027",1,1.132549238
"NRS18_MN_10052",1,0.656476701
"NRS18_TX_10116",1,0.403821222
"NRS18_WY_10400",1,1.213257445
"NRS18_DE_10037",1,1.100256257
"NRS18_MN_10008",1,0.873261689
"NRS18_MN_10046",1,0.835340129
"NRS18_IA_10007",1,0.256442424
"NRS18_NC_10002",1,0.579555632
"NRS18_NC_10006",1,0.527192682
"NRS18_NC_10008",1,0.883089478
"NRS18_NC_10026",1,0.169863623
"NRS18_NC_10027",1,0.668089911
"NRS18_IL_10014",1,0.659841956
"NRS18_WY_10025",1,0.717014095
"NRS18_WY_10005",1,1.124743678
"NRS18_WY_11594",1,0.884364087
"NRS18_OR_10014",1,0.785322146
"NRS18_MD_11081",1,0.888955334
"NRS18_NE_10079",1,0.708883347
"NRS18_MI_10035",1,0.844321325
"NRS18_MN_10054",1,0.91716877
"NRS18_MN_10037",1,1.149881527
"NRS18_NC_10010",1,0.71411321
"NRS18_OK_11421",1,0.492382142
"NRS18_IA_10031",1,0.627564443
"NRS18_MN_10020",1,0.574140442
"NRS18_OK_10035",1,0.556121371
"NRS18_CO_10398",1,1.104963776
"NRS18_NY_10051",1,0.736388271
"NRS18_TN_10015",1,0.667231803
"NRS18_NE_10030",1,0.905353941
"NRS18_WI_10010",1,0.858113712
"NRS18_MD_10004",1,1.159603037
"NRS18_KY_10005",1,0.7678431
"NRS18_MI_10006",1,1.051968425
"NRS18_GA_10019",1,0.510336987
"NRS18_ND_10044",1,1.138023375
"NRS18_MN_10028",1,1.135987718
"NRS18_UT_10010",1,1.085589803
"NRS18_MN_10068",1,0.666830181
"NRS18_OK_10032",1,0.73916754
"NRS18_IA_10018",1,0.676881421
"NRS18_NH_10017",1,0.973940769
"NRS18_SD_10061",1,0.663858536
"NRS18_NC_10001",1,0.519497531
"NRS18_WI_10015",1,1.302277737
"NRS18_CO_10064",1,1.107969632
"NRS18_CA_10026",1,0.868017109
"NRS18_WI_10014",1,0.720099013
"NRS18_ID_10018",1,1.420048509
"NRS18_NY_10089",1,1.184293851
"NRS18_OK_10432",1,0.193555886
"NRS18_FL_10047",1,0.81692484
"NRS18_TN_RF001",1,0.775036624
"NRS18_TX_10060",1,0.449421061
"NRS18_OR_10521",1,0.769867853
"NRS18_MI_10049",1,1.108402855
"NRS18_WV_10020",1,0.731673685
"NRS18_MN_10023",1,1.21234248
"NRS18_PA_10022",1,0.484150026
"NRS18_TN_10022",1,1.144515262
"NRS18_UT_10439",1,0.641830824
"NRS18_GA_10015",1,0.887446115
"NRS18_IA_10206",1,1.080656519
"NRS18_TX_10640",1,0.500390942
"NRS18_KY_10197",1,0.931870991
"NRS18_CO_10018",1,1.079967274
"NRS18_MN_10090",1,1.063234183
"NRS18_SD_10071",1,0.747641051
"NRS18_NY_10080",1,0.827014187
"NRS18_WI_10692",1,0.55359668
"NRS18_OR_10063",1,1.10451484
"NRS18_PA_10037",1,1.201067004
"NRS18_NJ_10783",1,0.956844067
"NRS18_TN_10033",1,1.166326932
"NRS18_GA_10002",2,0.805967277
"NRS18_CA_10059",1,0.118907713
"NRS18_MI_10037",1,1.077876008
"NRS18_WI_RF002",1,0.973265059
"NRS18_MN_10045",1,0.805041576
"NRS18_UT_10002",1,0.887203414
"NRS18_ND_10525",1,1.133092512
"NRS18_CO_10069",1,1.223832586
"NRS18_KY_10013",1,0.658279825
"NRS18_IA_10033",1,1.219902666
"NRS18_KY_10010",1,0.748424161
"NRS18_WI_RF001",2,1.300906849
"NRS18_TN_RF002",1,1.234455256
"NRS18_ID_10025",1,1.189352505
"NRS18_NY_10259",1,0.323255536
"NRS18_TX_10027",1,0.749226801
"NRS18_FL_10006",1,1.236222086
"NRS18_CT_10010",1,0.757022293
"NRS18_NY_10260",1,0.511537735
"NRS18_CT_10019",1,0.267791223
"NRS18_IA_10017",1,1.026018401
"NRS18_CO_10065",1,0.55752278
"NRS18_WY_11790",1,0.84380009
"NRS18_NY_10068",1,0.398992905
"NRS18_MI_10050",1,1.177094461
"NRS18_MA_10018",1,0.602441203
"NRS18_OK_11330",1,0.506220878
"NRS18_NH_10003",1,1.165823559
"NRS18_DE_10012",1,1.122125666
"NRS18_IA_10358",1,0.971512427
"NRS18_MI_10053",1,1.053159883
"NRS18_SD_10022",1,0.973232092
"NRS18_NY_10704",1,0.301168842
"NRS18_WI_10695",1,1.012325702
"NRS18_ND_10040",1,1.344936716
"NRS18_OK_10054",1,0.684711395
"NRS18_KS_10142",1,0.839027692
"NRS18_RI_10202",1,0.93646585
"NRS18_MA_10001",1,0.549036268
"NRS18_WY_12345",1,0.59535049
"NRS18_WY_10034",2,0.886438356
"NRS18_WY_10394",1,0.820453677
"NRS18_TX_10085",1,0.152576334
"NRS18_NC_10009",2,0.762560953
"NRS18_ID_10002",1,0.451239389
"NRS18_WY_10406",1,1.07895832
"NRS18_WI_10844",1,0.96087643
"NRS18_AL_10189",1,0.302085686
"NRS18_NE_10683",1,0.369127144
"NRS18_CA_10019",2,0.460089485
"NRS18_OK_10028",1,0.449642811
"NRS18_NC_10002",2,0.579555632
"NRS18_WI_10023",1,1.210440858
"NRS18_NY_10012",1,0.482951339
"NRS18_MI_10028",1,1.197539475
"NRS18_WY_10396",1,0.879293829
"NRS18_NE_10056",1,0.949900191
"NRS18_OR_10368",1,0.702352308
"NRS18_GA_10007",1,0.762565368
"NRS18_ND_10002",1,0.712871245
"NRS18_KS_10145",1,1.234509342
"NRS18_KS_10115",1,1.23489939
"NRS18_OK_10585",1,1.150619598
"NRS18_WV_10008",2,0.739666137
"NRS18_WV_10006",1,0.700606
"NRS18_KY_10024",1,0.58011077
"NRS18_MN_10002",1,0.569720639
"NRS18_NH_10001",1,0.554958092
"NRS18_WY_10025",2,1.147222551
"NRS18_NY_10039",2,0.476559576
"NRS18_ID_10036",1,1.221009433
"NRS18_NE_10016",1,0.613126634
"NRS18_WI_10057",1,1.091060213
"NRS18_GA_10012",1,0.475946945
"NRS18_MN_10072",1,0.856123485
"NRS18_AL_10013",1,0.467679033
"NRS18_AL_10008",1,1.126843327
"NRS18_NC_10001",2,0.371069665
"NRS18_DE_10006",1,0.950712274
"NRS18_MT_10068",1,1.126435354
"NRS18_ID_10020",1,0.965670236
"NRS18_OR_10668",1,0.661702815
"NRS18_OK_10043",1,0.925531674
"NRS18_ID_10542",1,1.081192316
"NRS18_ID_10847",1,0.717250718
"NRS18_CA_10008",1,0.78063342
"NRS18_FL_10006",2,1.059618931
"NRS18_AL_10039",1,1.185662319
"NRS18_CA_10002",1,0.728033389
"NRS18_CA_10034",1,0.607591683
"NRS18_CA_10065",1,0.667438565
"NRS18_ND_10018",1,1.120520722
"NRS18_NY_10034",1,0.935541926
"NRS18_MI_10233",1,1.330886882
"NRS18_NE_10071",1,1.144295374
"NRS18_WI_10016",1,0.844435526
"NRS18_OR_10003",1,0.884197391
"NRS18_NH_10031",1,0.893084669
"NRS18_TX_10449",1,1.428285101
"NRS18_TX_10453",1,1.543038863
"NRS18_NC_10010",2,0.476075473
"NRS18_KY_10048",1,0.787526325
"NRS18_KY_10039",1,0.917556445
"NRS18_NY_10090",1,0.949616682
"NRS18_AL_10015",1,0.893459539
"NRS18_ND_10042",1,0.843053821
"NRS18_ND_10003",1,1.215164323
"NRS18_NE_10058",2,0.930902019
"NRS18_MT_10272",1,1.231909757
"NRS18_MT_10113",1,1.047180847
"NRS18_NY_10081",1,0.780030706
"NRS18_IN_10046",1,0.581788573
"NRS18_MN_10001",1,1.156156864
"NRS18_AL_10938",1,0.746385218
"NRS18_MD_10034",1,0.590256551
"NRS18_WI_10853",1,1.212373683
"NRS18_IN_10006",1,0.811152907
"NRS18_ND_10037",1,0.990054413
"NRS18_MN_10019",1,0.874159668
"NRS18_ND_10038",1,0.722647833
"NRS18_KS_10122",1,0.326829187
"NRS18_WV_10004",1,1.035468452
"NRS18_IA_10015",1,0.712101069
"NRS18_KY_10015",1,0.516612802
"NRS18_DE_10014",1,0.818905148
"NRS18_FL_10007",1,0.607054238
"NRS18_WI_10060",1,1.07046656
"NRS18_PA_10816",1,0.879915604
"NRS18_IN_10014",1,0.769701123
"NRS18_MN_10059",1,0.902269691
"NRS18_OK_10008",1,0.882488989
"NRS18_ND_10528",1,1.207162533
"NRS18_OK_10016",1,0.688303598
"NRS18_ND_10036",1,0.629887984
"NRS18_NE_10050",1,0.990246061
"NRS18_CA_10024",1,0.97447275
"NRS18_SD_10046",1,1.00068975
"NRS18_MN_10003",1,0.734390434
"NRS18_OK_10922",1,1.442330973
"NRS18_WV_10011",1,0.8880821
"NRS18_NY_10068",2,0.455991892
"NRS18_KY_10011",1,0.658371429
"NRS18_KY_10007",1,0.413192016
"NRS18_TX_10694",1,1.229073253
"NRS18_NH_10006",1,1.24215472
"NRS18_NH_10009",1,0.768574135
"NRS18_PA_10010",1,1.153878531
"NRS18_TN_10490",1,0.93198932
"NRS18_AL_10018",1,0.621103121
"NRS18_NE_10054",1,0.935307266
"NRS18_WI_10055",1,0.983835998
"NRS18_IN_10033",1,0.615352383
"NRS18_MN_10055",1,1.015700647
"NRS18_MD_10001",2,1.043438008
"NRS18_IA_10011",2,0.762622281
"NRS18_FL_10002",1,0.954740575
"NRS18_DE_10332",1,0.718717727
"NRS18_KS_10045",1,1.340268011
"NRS18_OK_10052",1,0.503137366
"NRS18_ID_10015",1,1.028801537
"NRS18_ID_11142",1,0.838827156
"NRS18_IN_10017",1,0.921873674
"NRS18_CA_10001",1,0.760611118
"NRS18_PA_10220",1,1.152806965
"NRS18_WV_10018",1,0.754563951
"NRS18_ND_10071",1,1.462456538
"NRS18_OR_10021",1,0.978348475
"NRS18_OR_10249",1,0.335751307
"NRS18_OR_10818",1,1.445595728
"NRS18_IA_10028",1,1.214939027
"NRS18_TX_10827",1,0.928748435
"NRS18_TX_10054",1,1.368278675
"NRS18_MN_10073",1,0.814835251
"NRS18_CO_10048",1,0.838239498
"NRS18_CO_10072",1,0.734273969
"NRS18_CO_10060",1,0.775365247
"NRS18_IN_10030",1,0.986545554
"NRS18_NE_10048",1,0.774677266
"NRS18_MN_10024",1,0.984344734
"NRS18_MN_10015",1,0.407417625
"NRS18_OR_10232",1,1.29451635
"NRS18_MN_10056",1,1.217136524
"NRS18_IL_10014",2,1.131157639
"NRS18_MA_10001",2,0.366024178
"NRS18_MT_10078",1,0.955189182
"NRS18_MT_11020",1,0.911030642
"NRS18_NH_10001",2,0.554958092
"NRS18_MN_10402",1,1.194394967
"NRS18_OK_10006",1,0.945642923
"NRS18_IA_10025",1,1.297273605
"NRS18_MN_10554",1,0.936585958
"NRS18_MN_10006",1,0.981084057
"NRS18_ME_10004",1,0.335935642
"NRS18_DE_10019",1,0.503289083
"NRS18_ID_10002",2,0.564049236
"NRS18_NE_10005",1,1.120244158
"NRS18_CA_10010",1,0.925084089
"NRS18_NY_10004",1,1.052654193
"NRS18_MN_10004",1,1.078366608
"NRS18_MT_10012",1,0.837700316
"NRS18_MT_10047",1,0.645762867
"NRS18_ND_10034",1,1.234564058
"NRS18_KS_10120",1,1.331235136
"NRS18_KS_10024",1,1.295686643
"NRS18_IA_10658",1,0.942450979
"NRS18_ME_10012",1,0.42386205
"NRS18_SD_10048",1,0.374316199
"NRS18_AL_10188",1,0.301885723
"NRS18_AL_10191",1,1.035904631
"NRS18_MD_10039",1,0.925890152
"NRS18_MN_10260",1,1.243485261
"NRS18_GA_10012",2,0.856704501
"NRS18_PA_10027",1,0.759580807
"NRS18_KY_10041",1,0.271676284
"NRS18_KY_10012",2,0.363698572
"NRS18_OR_10001",1,0.932478128
"NRS18_OR_10030",1,0.705768515
"NRS18_IA_10048",1,0.230019068
"NRS18_ME_10193",1,0.705803665
"NRS18_OK_10057",1,0.380589102
"NRS18_NV_10011",1,0.975496773
"NRS18_SD_10244",1,0.598326301
"NRS18_CA_10006",1,1.182807644
"NRS18_ND_10017",1,1.342857702
"NRS18_NJ_10009",1,0.410818356
"NRS18_DE_10006",2,1.045783501
"NRS18_NJ_10034",1,0.740971666
"NRS18_UT_10025",1,1.162753224
"NRS18_WI_10042",1,0.88610456
"NRS18_IA_10006",1,0.548547098
"NRS18_TX_10254",1,1.037616184
"NRS18_TX_10001",1,1.16351743
"NRS18_ND_10045",1,1.06804286
"NRS18_OR_10045",1,1.197488172
"NRS18_MT_10025",1,1.309299473
"NRS18_MT_11470",1,0.821945953
"NRS18_GA_10010",1,0.468696981
"NRS18_KY_10002",2,0.192889596
"NRS18_ID_10007",1,1.017262479
"NRS18_KY_10018",1,0.989124961
"NRS18_MT_10035",1,1.057970283
"NRS18_CA_10548",1,0.680490191
"NRS18_MT_10087",1,1.434996117
"NRS18_TX_10645",1,1.13401579
"NRS18_ME_10044",1,0.998918731
"NRS18_ME_10008",1,0.729699419
"NRS18_ND_10002",2,0.712871245
"NRS18_NE_10052",1,0.633880506
"NRS18_AL_10025",1,0.532717737
"NRS18_IA_10356",1,0.979733443
"NRS18_MT_10006",1,1.172767572
"NRS18_NY_10072",1,0.990768715
"NRS18_NY_10055",1,0.650406388
"NRS18_ND_10028",1,1.265462986
"NRS18_MN_10069",1,1.197224158
"NRS18_MN_10036",1,0.694117063
"NRS18_IN_11547",1,0.720602736
"NRS18_MT_10030",1,1.251287504
"NRS18_MT_10120",1,1.08682337
"NRS18_FL_10183",1,0.707891968
"NRS18_NY_10071",1,1.23536866
"NRS18_ID_10843",1,0.830287689
"NRS18_MN_10020",2,0.574140442
"NRS18_ME_10016",1,0.158338491
"NRS18_CO_RF007",1,0.985529673
"NRS18_ME_10019",1,0.915146411
"NRS18_MN_10405",1,0.548502259
"NRS18_IN_10009",1,0.644811285
"NRS18_NE_10003",1,0.588608724
"NRS18_OK_10031",1,0.249373597
"NRS18_KS_10012",1,0.840721274
"NRS18_MI_10024",1,0.922307256
"NRS18_NV_10192",1,0.804827075
"NRS18_MT_10114",1,0.617692103
"NRS18_MT_10108",1,1.071814911
"NRS18_MT_10589",1,1.10029064
"NRS18_MT_10593",1,1.161072421
"NRS18_MT_10083",1,0.961522015
"NRS18_NJ_10016",1,0.478000377
"NRS18_MN_10017",1,0.802958652
"NRS18_WI_10992",1,0.466302304
"NRS18_CO_RF006",1,1.065925953
"NRS18_ME_10010",1,0.195019422
"NRS18_TX_10015",1,1.370586722
"NRS18_KS_10099",1,1.340294531
"NRS18_IN_10015",1,0.400134759
"NRS18_WV_10001",1,1.029013976
"NRS18_IA_10027",1,0.385606868
"NRS18_OR_10005",1,1.024832625
"NRS18_DE_10009",1,1.006252418
"NRS18_MT_10010",1,1.230718525
"NRS18_MT_10040",1,0.952734313
"NRS18_MT_10003",1,1.269032619
"NRS18_NH_10006",2,1.022950946
"NRS18_WI_10061",1,0.75586903
"NRS18_FL_10002",2,0.954740575
"NRS18_NY_10268",1,0.480212448
"NRS18_IN_10002",1,0.319748116
"NRS18_IA_10009",1,0.758183969
"NRS18_PA_10011",1,0.879573799
"NRS18_CO_RF015",1,1.257566701
"NRS18_MT_10094",1,0.767266485
"NRS18_CA_10013",1,0.845521766
"NRS18_CA_10002",2,0.728033389
"NRS18_NE_10678",1,1.269490944
"NRS18_OR_10069",1,1.226565663
"NRS18_MN_10257",1,1.457569341
"NRS18_MT_10072",1,1.018289553
"NRS18_MI_10057",1,1.48971942
"NRS18_NV_10188",1,0.994535629
"NRS18_NV_10010",1,1.340799233
"NRS18_MI_10055",1,1.003365079
"NRS18_NJ_10008",1,0.605876736
"NRS18_UT_10011",1,0.947101071
"NRS18_ME_10005",1,1.154191263
"NRS18_ND_10032",1,1.54193591
"NRS18_MN_10556",1,0.926553226
"NRS18_IA_10659",1,0.477556181
"NRS18_MT_10592",1,0.550693299
"NRS18_IN_10007",1,0.171611543
"NRS18_FL_10007",2,1.11293277
"NRS18_MT_10019",1,1.125001573
"NRS18_PA_10045",1,0.615326873
"NRS18_TX_10018",1,0.846359008
"NRS18_TX_10085",2,0.305152668
"NRS18_MI_10021",1,0.700731616
"NRS18_ID_10022",1,1.32660164
"NRS18_ID_10117",1,0.813202391
"NRS18_IN_10027",1,0.300708821
"NRS18_NV_10495",1,0.889017668
"NRS18_MT_10063",1,0.114174735
"NRS18_ME_10006",1,0.796451005
"NRS18_MN_10032",1,0.407220061
"NRS18_MN_10031",1,0.864885415
"NRS18_CA_10001",2,0.887379638
"NRS18_MT_10028",1,1.119034526
"NRS18_MT_10021",1,0.984372689
"NRS18_MT_10421",1,1.025858077
"NRS18_ME_10018",1,0.511660859
"NRS18_ME_10025",1,1.347274582
"NRS18_MN_10034",1,0.901302261
"NRS18_MN_10019",2,0.874159668
"NRS18_MT_10029",1,0.772495926
"NRS18_MN_10011",1,0.473878019
"NRS18_IA_10012",1,0.954945081
"NRS18_VA_10009",1,0.918193793
"NRS18_OK_10030",1,0.901143043
"NRS18_NE_10073",1,0.757361654
"NRS18_MT_10073",1,0.764413532
"NRS18_MT_10024",1,0.873504655
"NRS18_MT_10017",1,0.838793692
"NRS18_GA_10017",1,0.454847767
"NRS18_ME_10002",1,0.314945353
"NRS18_IA_10032",1,0.800708597
"NRS18_SD_10011",1,0.974881489
"NRS18_WI_10024",1,0.968215065
"NRS18_ND_10027",1,1.122126114
"NRS18_VA_10010",1,1.101882662
"NRS18_MN_10002",2,0.474767199
"NRS18_CA_10108",1,1.096448144
"NRS18_MT_10011",1,0.887039708
"NRS18_CA_10014",1,0.481490473
"NRS18_KY_10011",2,0.585219048
"NRS18_MT_10009",1,0.933451624
"NRS18_PA_RF001",1,1.124219962
"NRS18_MI_10014",1,1.084651131
"NRS18_NE_10010",1,0.989691036
"NRS18_ME_10013",1,1.217600015
"NRS18_PA_10046",1,0.830548406
"NRS18_GA_10035",1,0.810226079
"NRS18_TX_10099",1,1.033158517
"NRS18_TX_10093",1,0.514769582
"NRS18_CA_10005",1,1.000584088
"NRS18_OK_10004",1,0.358962047
"NRS18_WI_10056",1,1.369408142
"NRS18_ND_10975",1,1.129715413
"NRS18_MN_RF002",1,1.181333984
"NRS18_IA_10007",2,1.282212119
"NRS18_OR_10001",2,0.683817294
"NRS18_SD_11899",1,0.62159333
"NRS18_WI_10691",1,0.870878605
"NRS18_PA_10038",1,0.851408825
"NRS18_MI_10002",1,1.254973847
"NRS18_WV_RF001",1,0.667115157
"NRS18_OR_10017",1,0.677011782
"NRS18_ME_10001",1,0.880985462
"NRS18_MN_RF003",1,1.264204261
"NRS18_SD_10013",1,1.370424055
"NRS18_MN_RF001",1,0.842826086
"NRS18_UT_10285",1,1.189724636
"NRS18_MT_10080",1,0.780890816
"NRS18_MT_10070",1,0.904377798
"NRS18_MI_10023",1,1.537037008
"NRS18_MI_10532",1,0.990279537
"NRS18_SD_10055",1,0.248683426
"NRS18_ID_10015",2,1.028801537
"NRS18_ID_10024",1,0.425362284
"NRS18_ID_10037",1,0.577335374
"NRS18_ID_10056",1,0.842610837
"NRS18_IN_11097",1,0.815526015
"NRS18_WI_11142",1,1.097596914
"NRS18_CO_RF016",1,1.19632185
"NRS18_MI_10072",1,1.170241875
"NRS18_SD_10025",1,0.5863457
"NRS18_MS_10010",1,0.4642241
"NRS18_AL_10004",2,0.249996424
"NRS18_ID_10041",1,0.771961944
"NRS18_WI_10843",1,0.864236646
"NRS18_PA_10036",1,0.655251615
"NRS18_MI_10019",1,1.025603855
"NRS18_IN_10009",2,0.806014106
"NRS18_VA_10017",1,1.148482335
"NRS18_NY_10043",1,0.751629818
"NRS18_OH_10016",1,0.792336791
"NRS18_MT_10090",1,1.507682877
"NRS18_SD_10042",1,0.550879159
"NRS18_OR_10041",1,0.358058699
"NRS18_ID_10009",1,0.878874587
"NRS18_MT_10106",1,1.010429658
"NRS18_SD_10040",1,0.448886875
"NRS18_DE_10020",1,0.575060483
"NRS18_TX_10599",1,0.821898442
"NRS18_OK_10055",1,0.758694994
"NRS18_CT_10011",1,0.394385273
"NRS18_FL_10021",1,1.205949351
"NRS18_PA_10041",1,0.603820946
"NRS18_MS_10004",1,0.575911506
"NRS18_VA_10007",1,0.784769223
"NRS18_MI_10045",1,0.893282452
"NRS18_MS_10019",1,0.684559288
"NRS18_WI_10850",1,0.847920997
"NRS18_NC_10003",1,0.991218334
"NRS18_IN_10002",2,0.479622174
"NRS18_MT_10023",1,0.887417846
"NRS18_SD_11894",1,0.350865619
"NRS18_NY_10402",1,0.469701176
"NRS18_CO_RF017",1,1.142242985
"NRS18_CO_RF011",1,0.791986702
"NRS18_PA_10025",1,0.924502776
"NRS18_ID_10027",1,0.551487764
"NRS18_NV_10405",1,1.140740268
"NRS18_NV_10936",1,1.204912276
"NRS18_MD_10006",1,0.85250994
"NRS18_MN_10065",1,1.185214807
"NRS18_CT_10005",1,0.325839203
"NRS18_OR_10029",1,1.014347838
"NRS18_OR_10055",1,0.892813716
"NRS18_NE_10045",1,0.255921407
"NRS18_FL_10020",1,0.92587253
"NRS18_MT_10015",1,0.30060694
"NRS18_ID_10120",1,1.176007051
"NRS18_ID_10006",1,0.825417147
"NRS18_WI_10548",1,1.011105857
"NRS18_TX_10504",1,0.664666882
"NRS18_CT_10007",1,0.569912201
"NRS18_MS_10005",1,0.965229335
"NRS18_NE_10983",1,0.124701564
"NRS18_MN_10016",1,1.113488144
"NRS18_ND_10377",1,1.151590265
"NRS18_MA_10010",1,0.567740989
"NRS18_MT_10037",1,1.270982096
"NRS18_SD_11908",1,0.840206217
"NRS18_MT_10096",1,0.940915916
"NRS18_MT_10274",1,0.87896211
"NRS18_MA_10631",1,0.596093033
"NRS18_NE_11133",1,0.694549454
"NRS18_VA_10009",2,0.994709942
"NRS18_WI_10009",1,0.859450573
"NRS18_SD_11910",1,0.349281193
"NRS18_OK_10011",1,0.507554618
"NRS18_MS_10018",1,0.821123384
"NRS18_MT_10051",1,0.473284786
"NRS18_MT_10022",1,0.828248375
"NRS18_KS_10018",1,0.67539894
"NRS18_MT_10001",1,1.243306449
"NRS18_IA_10008",1,1.049573018
"NRS18_WI_10011",1,0.854994199
"NRS18_NY_10272",1,0.375761349
"NRS18_NE_RF001",1,1.168249884
"NRS18_NE_10033",1,0.400436027
"NRS18_VA_10010",2,1.101882662
"NRS18_NV_10010",2,1.19182154
"NRS18_MA_10004",1,1.102818774
"NRS18_TX_10033",1,0.973379582
"NRS18_MT_10044",1,0.61122356
"NRS18_SD_10002",1,0.592326636
"NRS18_NH_10018",1,0.983608656
"NRS18_WV_10180",1,1.263144808
"NRS18_DE_10021",1,0.649133524
"NRS18_SD_12194",1,0.765498852
"NRS18_MT_10049",1,0.825814907
"NRS18_MT_10117",1,0.117945459
"NRS18_NE_RF002",1,0.852771781
"NRS18_IA_10012",2,0.668461557
"NRS18_WI_10846",1,1.056242399
"NRS18_NV_10022",1,0.944748376
"NRS18_WI_RF003",1,0.816653899
"NRS18_VA_RF014",1,1.163267855
"NRS18_GA_10018",1,0.708344764
"NRS18_MT_10064",1,0.305005065
"NRS18_KY_10031",1,0.286925972
"NRS18_TX_10093",2,0.857949304
"NRS18_MA_10002",1,0.428904897
"NRS18_WI_10015",2,0.911594416
"NRS18_SD_10001",1,0.940300984
"NRS18_ID_10110",1,1.197346524
"NRS18_OK_10028",2,0.599523748
"NRS18_UT_10018",1,0.888252222
"NRS18_ID_10547",1,1.152784449
"NRS18_MI_10014",2,1.479069724
"NRS18_NY_10012",2,0.32196756
"NRS18_KY_10009",1,0.675113585
"NRS18_VA_10020",1,0.959083715
"NRS18_WV_10001",2,1.089544209
"NRS18_GA_10950",1,0.810094562
"NRS18_MT_10002",1,0.88680645
"NRS18_IL_11715",1,0.859208447
"NRS18_ME_10020",1,0.381493657
"NRS18_WI_11141",1,0.79686782
"NRS18_MS_10031",1,0.756003373
"NRS18_MT_10043",1,1.012112317
"NRS18_MT_11621",1,0.993718408
"NRS18_NY_10040",1,0.243403009
"NRS18_WI_10013",1,0.90563126
"NRS18_IA_10507",1,1.273753957
"NRS18_MT_10018",1,0.51474342
"NRS18_ND_10029",1,0.799630275
"NRS18_ME_10015",1,0.94118649
"NRS18_MS_10015",1,0.400683392
"NRS18_NY_10042",1,0.822328639
"NRS18_ME_10493",1,0.578482957
"NRS18_MN_10001",2,1.156156864
"NRS18_IN_10649",1,1.152634889
"NRS18_SD_11294",1,0.708555179
"NRS18_MT_10032",1,0.938030864
"NRS18_NY_10016",1,0.486596254
"NRS18_ME_10014",1,0.520294765
"NRS18_KS_10141",1,0.317676455
"NRS18_IN_10040",1,0.918103142
"NRS18_SD_10013",2,1.218154715
"NRS18_MT_10112",1,0.82283233
"NRS18_MT_10027",1,0.974106793
"NRS18_DE_10018",1,0.91498373
"NRS18_NH_10035",1,0.657107319
"NRS18_VA_10019",1,1.234084888
"NRS18_OK_10013",1,0.124540591
"NRS18_OK_10010",1,0.252229953
"NRS18_PA_10046",2,0.755044006
"NRS18_IN_10019",1,0.547641735
"NRS18_MT_10028",2,1.119034526
"NRS18_NY_10707",1,0.333732777
"NRS18_SC_RF002",1,0.538042905
"NRS18_UT_10010",2,1.206210892
"NRS18_NE_10059",1,0.792549246
"NRS18_MO_RF003",1,0.889012034
"NRS18_SD_11446",1,0.821585724
"NRS18_SD_10959",1,0.390306066
"NRS18_ME_10026",1,0.428634637
"NRS18_SD_10020",1,1.205295854
"NRS18_OR_10012",1,1.046431311
"NRS18_MO_RF005",1,0.721045781
"NRS18_ND_10009",1,1.326277994
"NRS18_WI_10694",1,1.09799521
"NRS18_SC_RF003",1,0.46396803
"NRS18_NE_11433",1,1.029194957
"NRS18_VA_RF015",1,0.928697825
"NRS18_MO_RF004",1,1.190286069
"NRS18_ND_10043",1,1.120399285
"NRS18_IN_10012",1,1.235481502
"NRS18_FL_10334",1,0.616325914
"NRS18_UT_10002",2,0.998103841
"NRS18_NC_10155",1,0.897373139
"NRS18_DE_10007",1,0.875499025
"NRS18_MI_10011",1,0.910962347
"NRS18_WI_10071",1,0.6527194
"NRS18_NE_10014",1,0.819832103
"NRS18_VA_RF003",1,0.791570786
"NRS18_IN_10650",1,1.175213016
"NRS18_ME_10007",1,1.134022979
"NRS18_KY_10952",1,0.190308473
"NRS18_FL_10021",2,1.205949351
"NRS18_MT_10071",1,0.976377309
"NRS18_KY_10030",1,0.651664317
"NRS18_ND_10039",1,1.121871444
"NRS18_TN_10489",1,0.858307139
"NRS18_IN_10036",1,1.04709678
"NRS18_ME_10194",1,1.058592584
"NRS18_ME_10003",1,0.583666992
"NRS18_MT_10089",1,1.076717688
"NRS18_MT_10013",1,0.816989685
"NRS18_MT_10065",1,0.830113225
"NRS18_MI_10002",2,1.158437397
"NRS18_NH_RF001",1,0.866681204
"NRS18_MT_10067",1,0.895317224
"NRS18_KS_10029",1,0.313501175
"NRS18_WI_10693",1,0.85316037
"NRS18_ND_10378",1,1.068125152
"NRS18_VA_10016",1,0.918492399
"NRS18_DE_10021",2,0.778960229
"NRS18_OK_10014",1,0.509203636
"NRS18_MI_10075",1,1.06385468
"NRS18_WI_10016",2,0.675548421
"NRS18_MO_RF007",1,1.208239262
"NRS18_GA_10029",1,0.307940261
"NRS18_GA_RF002",1,0.847487109
"NRS18_UT_10020",1,1.232700831
"NRS18_WY_10996",1,0.68231032
"NRS18_MI_10046",1,0.697821399
"NRS18_MO_RF006",1,0.922706624
"NRS18_NC_10555",1,0.391885558
"NRS18_SD_11594",1,1.27716294
"NRS18_AL_10006",1,1.019977159
"NRS18_MD_10006",2,0.781467445
"NRS18_UT_10396",1,0.750359747
"NRS18_MT_11320",1,0.896279933
"NRS18_OR_10010",1,0.541655928
"NRS18_KY_10025",1,1.052716052
"NRS18_WI_10861",1,0.926481047
"NRS18_NY_10284",1,0.314473791
"NRS18_MI_10236",1,0.91183969
"NRS18_WI_10991",1,0.966926729
"NRS18_CO_RF018",1,1.368528397
"NRS18_KS_10049",1,0.718815843
"NRS18_NY_10255",1,0.606490831
"NRS18_KS_10002",1,0.58678093
"NRS18_NJ_10032",1,0.573054296
"NRS18_NE_11149",1,0.652484984
"NRS18_ID_10014",1,1.102217897
"NRS18_WY_10995",1,0.380638349
"NRS18_MT_10079",1,0.75344736
"NRS18_MT_10052",1,1.177683392
"NRS18_MT_10084",1,0.976893974
"NRS18_ID_10013",1,1.046995861
"NRS18_IA_RF003",1,1.040904794
"NRS18_NE_10043",1,0.47065841
"NRS18_WI_10002",1,0.721076997
"NRS18_NY_10702",1,0.794623812
"NRS18_NJ_10003",1,0.72892937
"NRS18_NJ_10006",1,0.53486814
"NRS18_CO_RF019",1,1.100997413
"NRS18_AL_10031",1,1.356852629
"NRS18_MI_10004",1,0.996329003
"NRS18_NH_RF002",1,0.852758806
"NRS18_SD_10001",2,0.835823097
"NRS18_VA_RF001",1,1.293422617
"NRS18_PA_10043",1,0.910407579
"NRS18_MT_10062",1,0.956346471
"NRS18_MD_10009",1,0.902316749
"NRS18_OK_10033",1,0.53012745
"NRS18_CA_10004",1,1.019925621
"NRS18_NY_10028",1,0.771749852
"NRS18_PA_10044",1,0.907800018
"NRS18_IN_10032",1,0.641107448
"NRS18_IA_RF002",1,1.279071302
"NRS18_OR_10040",1,0.980502774
"NRS18_NJ_11233",1,0.18042926
"NRS18_MS_10010",2,0.742758559
"NRS18_VA_RF002",1,1.310656893
"NRS18_CO_RF020",1,1.210360374
"NRS18_KS_10009",1,0.820662546
"NRS18_KS_10113",1,0.239441877
"NRS18_MT_10107",1,0.607335282
"NRS18_SD_10002",2,0.118465327
"NRS18_NY_10279",1,0.813953663
"NRS18_MT_10027",2,0.974106793
"NRS18_PA_10024",1,0.918887381
"NRS18_MD_10018",1,1.099951582
"NRS18_ME_10006",2,0.796451005
"NRS18_NJ_10020",1,0.527944094
"NRS18_GA_10020",1,0.307974203
"NRS18_KS_10041",1,0.4694203
"NRS18_KS_10051",1,0.81846766
"NRS18_NC_10346",1,0.842719695
"NRS18_NY_10283",1,0.692871241
"NRS18_NY_10286",1,0.668254607
"NRS18_ME_10002",2,0.157472677
"NRS18_NY_10091",1,0.511564863
"NRS18_MS_10013",1,1.045915835
"NRS18_ME_10001",2,0.556411871
"NRS18_MT_10048",1,1.059401546
"NRS18_MT_10002",2,0.68973835
"NRS18_MD_10632",1,0.89446114
"NRS18_VA_10018",1,0.88650065
"NRS18_AL_10638",1,1.318830887
"NRS18_AL_10017",1,0.808450981
"NRS18_NY_10013",1,0.948747903
"NRS18_KS_10012",2,0.924793401
"NRS18_NE_10059",2,0.905770567
"NRS18_ME_10007",2,0.907218383
"NRS18_UT_10007",1,0.635137383
"NRS18_NY_10290",1,0.44124432
"NRS18_NY_10251",1,0.78473424
"NRS18_MI_10054",1,0.728769878
"NRS18_NE_10014",2,0.702713231
"NRS18_UT_10006",1,0.555981952
"NRS18_OK_10012",1,0.25307235
"NRS18_NY_11299",1,0.576326055
"NRS18_KS_10029",2,1.045003915
"NRS18_SD_10006",1,0.384628069
"NRS18_MS_10008",1,0.753667716
"NRS18_DE_10004",1,0.650519259
"NRS18_MT_10270",1,1.019807238
"NRS18_MT_10001",2,1.097035102
"NRS18_CA_10027",1,1.169371765
"NRS18_NJ_10633",1,0.917532686
"NRS18_WI_10248",1,0.746891424
"NRS18_ME_10011",1,1.092142206
"NRS18_ME_10009",1,0.615668704
"NRS18_VA_RF006",1,0.861572488
"NRS18_MS_10017",1,0.658986854
"NRS18_ME_10021",1,0.265794986
"NRS18_MT_10097",1,1.254190252
"NRS18_UT_10039",1,1.231336161
"NRS18_MD_10481",1,0.814269642
"NRS18_MI_10982",1,0.802334194
"NRS18_MS_10016",1,0.927481922
"NRS18_NC_10035",1,1.066627989
"NRS18_SD_10009",1,0.383096854
"NRS18_MA_10002",2,0.214452448
"NRS18_CT_10007",2,0.407080143
"NRS18_MT_10603",1,0.605651392
"NRS18_WI_10841",1,1.280380301
"NRS18_KS_10106",1,1.043479224
"NRS18_CT_10020",1,0.570395022
"NRS18_NJ_10032",2,0.501422509
"NRS18_NE_10544",1,0.849364597
"NRS18_WI_10018",1,0.947188734
"NRS18_MI_10077",1,1.068007947
"NRS18_WI_10026",1,1.105326149
"NRS18_PA_10013",1,0.937194307
"NRS18_NV_10025",1,1.116976554
"NRS18_NJ_10003",2,0.546697027
"NRS18_NE_10075",1,0.776356804
"NRS18_MN_10035",1,1.247621297
"NRS18_ND_10676",1,0.795241494
"NRS18_PA_10009",1,0.838970176
"NRS18_WI_10002",2,0.180269249
"NRS18_SD_11901",1,1.086070412
"NRS18_ND_10033",1,0.797492284
"NRS18_KS_10101",1,0.550624388
"NRS18_NC_10016",1,0.534579503
"NRS18_SD_10005",1,0.726555733
"NRS18_NC_10897",1,0.331005317
"NRS18_MN_10064",1,1.32556513
"NRS18_WI_10025",1,0.639024587
"NRS18_NC_10038",1,0.97803173
"NRS18_SD_10065",1,0.497358766
"NRS18_ND_10049",1,1.301906676
"NRS18_NC_10017",1,0.454664543
"NRS18_NC_10007",1,0.928187724
"NRS18_KS_10027",1,0.548759629
"NRS18_KS_10097",1,1.196596048
"NRS18_MN_10261",1,1.113672991
"NRS18_KS_10051",2,0.701543708
"NRS18_KS_10050",1,0.684865356
